"Date","Price","Open","High","Low","Vol.","Change %"
"01/02/2018","1,116.31","1,139.82","1,139.82","1,112.12","32.06K","-2.00%"
"01/03/2018","1,119.72","1,113.74","1,120.00","1,111.55","30.65K","0.31%"
"01/04/2018","1,118.37","1,119.00","1,120.70","1,112.22","57.51K","-0.12%"
"01/05/2018","1,117.33","1,120.00","1,121.78","1,113.53","27.37K","-0.09%"
"01/08/2018","1,116.72","1,117.90","1,118.88","1,111.56","29.95K","-0.05%"
"01/09/2018","1,122.66","1,119.20","1,130.00","1,116.73","32.63K","0.53%"
"01/10/2018","1,106.33","1,122.66","1,130.00","1,104.30","54.15K","-1.45%"
"01/11/2018","1,105.17","1,110.00","1,112.49","1,097.75","60.07K","-0.10%"
"01/12/2018","1,123.37","1,111.28","1,125.15","1,106.09","30.63K","1.65%"
"01/16/2018","1,126.71","1,132.00","1,138.94","1,123.00","35.70K","0.30%"
"01/17/2018","1,116.35","1,130.00","1,130.05","1,113.13","50.78K","-0.92%"
"01/18/2018","1,106.92","1,118.32","1,118.85","1,099.00","57.20K","-0.84%"
"01/19/2018","1,122.00","1,109.90","1,122.00","1,102.21","78.62K","1.36%"
"01/22/2018","1,121.51","1,121.02","1,125.90","1,115.24","25.96K","-0.04%"
"01/23/2018","1,127.66","1,125.00","1,137.37","1,116.96","45.94K","0.55%"
"01/24/2018","1,116.76","1,128.61","1,135.90","1,115.06","38.54K","-0.97%"
"01/25/2018","1,121.85","1,120.61","1,126.00","1,116.77","40.39K","0.46%"
"01/26/2018","1,116.94","1,122.25","1,124.99","1,114.44","30.80K","-0.44%"
"01/29/2018","1,113.96","1,119.01","1,119.96","1,107.00","31.70K","-0.27%"
"01/30/2018","1,138.67","1,108.13","1,146.73","1,102.23","52.47K","2.22%"
"01/31/2018","1,147.69","1,140.21","1,156.99","1,139.04","52.97K","0.79%"
"02/01/2018","1,148.51","1,148.27","1,156.70","1,132.94","35.51K","0.07%"
"02/02/2018","1,117.37","1,142.93","1,151.35","1,104.22","54.27K","-2.71%"
"02/05/2018","1,087.10","1,104.59","1,125.75","1,085.00","37.53K","-2.71%"
"02/06/2018","1,095.00","1,070.00","1,107.50","1,049.95","53.25K","0.73%"
"02/07/2018","1,103.92","1,135.00","1,139.87","1,096.02","46.47K","0.81%"
"02/08/2018","1,058.06","1,103.74","1,116.90","1,058.06","48.35K","-4.15%"
"02/09/2018","1,084.97","1,067.18","1,090.33","1,054.50","35.82K","2.54%"
"02/12/2018","1,088.32","1,092.63","1,107.80","1,078.55","40.19K","0.31%"
"02/13/2018","1,097.52","1,085.89","1,099.39","1,077.56","25.44K","0.85%"
"02/14/2018","1,115.01","1,092.00","1,121.45","1,088.85","23.47K","1.59%"
"02/15/2018","1,132.94","1,122.00","1,138.19","1,122.00","21.75K","1.61%"
"02/16/2018","1,130.06","1,130.27","1,143.82","1,125.00","28.00K","-0.25%"
"02/20/2018","1,108.00","1,123.84","1,129.83","1,107.84","36.15K","-1.95%"
"02/21/2018","1,112.73","1,110.90","1,131.07","1,110.37","20.49K","0.43%"
"02/22/2018","1,107.00","1,117.80","1,123.02","1,105.00","19.42K","-0.51%"
"02/23/2018","1,121.90","1,111.77","1,122.89","1,107.00","17.23K","1.35%"
"02/26/2018","1,128.24","1,124.74","1,132.46","1,118.47","18.07K","0.57%"
"02/27/2018","1,123.09","1,131.00","1,136.10","1,123.09","24.79K","-0.46%"
"02/28/2018","1,112.00","1,125.00","1,129.86","1,111.11","26.34K","-0.99%"
"03/01/2018","1,102.66","1,119.49","1,122.50","1,101.15","25.85K","-0.84%"
"03/02/2018","1,116.30","1,100.00","1,117.90","1,090.00","20.73K","1.24%"
"03/05/2018","1,130.46","1,109.30","1,139.99","1,105.82","27.17K","1.27%"
"03/06/2018","1,138.69","1,133.85","1,144.70","1,125.00","27.12K","0.73%"
"03/07/2018","1,129.07","1,128.05","1,142.18","1,128.05","25.99K","-0.84%"
"03/08/2018","1,135.73","1,133.80","1,136.46","1,126.21","20.46K","0.59%"
"03/09/2018","1,145.00","1,135.73","1,154.74","1,135.73","22.31K","0.82%"
"03/12/2018","1,139.61","1,145.00","1,152.00","1,136.25","17.21K","-0.47%"
"03/13/2018","1,147.18","1,145.00","1,155.00","1,139.50","17.76K","0.66%"
"03/14/2018","1,142.27","1,150.80","1,156.90","1,140.02","29.15K","-0.43%"
"03/15/2018","1,139.36","1,142.27","1,157.00","1,130.00","40.64K","-0.25%"
"03/16/2018","1,159.31","1,140.77","1,164.70","1,140.77","60.14K","1.75%"
"03/19/2018","1,152.34","1,161.26","1,164.99","1,147.35","34.35K","-0.60%"
"03/20/2018","1,182.13","1,160.46","1,194.98","1,155.01","47.87K","2.59%"
"03/21/2018","1,170.20","1,185.28","1,191.44","1,168.00","23.45K","-1.01%"
"03/22/2018","1,155.60","1,167.78","1,183.81","1,155.02","29.40K","-1.25%"
"03/23/2018","1,151.74","1,157.28","1,179.98","1,146.53","42.56K","-0.33%"
"03/26/2018","1,153.00","1,168.00","1,173.90","1,145.00","40.05K","0.11%"
"03/27/2018","1,149.04","1,159.83","1,162.98","1,140.40","35.09K","-0.34%"
"03/28/2018","1,154.68","1,154.92","1,168.69","1,145.50","22.44K","0.49%"
"03/29/2018","1,170.25","1,166.04","1,178.00","1,159.95","22.63K","1.35%"
"04/02/2018","1,159.68","1,174.95","1,174.95","1,145.00","36.85K","-0.90%"
"04/03/2018","1,150.97","1,163.81","1,167.03","1,144.01","48.18K","-0.75%"
"04/04/2018","1,155.42","1,141.56","1,160.00","1,128.81","24.70K","0.39%"
"04/05/2018","1,161.23","1,157.77","1,165.00","1,155.20","14.06K","0.50%"
"04/06/2018","1,148.16","1,156.31","1,164.61","1,135.35","24.77K","-1.13%"
"04/09/2018","1,148.81","1,156.90","1,165.98","1,136.00","29.62K","0.06%"
"04/10/2018","1,156.67","1,162.00","1,164.80","1,153.03","16.86K","0.68%"
"04/11/2018","1,155.00","1,159.00","1,165.89","1,151.88","16.56K","-0.14%"
"04/12/2018","1,153.83","1,166.90","1,170.96","1,153.83","17.28K","-0.10%"
"04/13/2018","1,153.51","1,161.54","1,167.99","1,146.88","32.99K","-0.03%"
"04/16/2018","1,150.53","1,157.25","1,171.86","1,150.00","34.69K","-0.26%"
"04/17/2018","1,158.00","1,157.50","1,168.31","1,155.01","50.97K","0.65%"
"04/18/2018","1,150.00","1,161.11","1,165.00","1,149.19","29.04K","-0.69%"
"04/19/2018","1,155.17","1,153.00","1,160.16","1,150.37","28.92K","0.45%"
"04/20/2018","1,153.08","1,159.97","1,161.49","1,148.56","16.66K","-0.18%"
"04/23/2018","1,165.11","1,153.09","1,165.30","1,153.09","24.91K","1.04%"
"04/24/2018","1,156.75","1,166.17","1,167.93","1,152.03","28.77K","-0.72%"
"04/25/2018","1,137.49","1,179.89","1,179.89","1,136.00","45.50K","-1.67%"
"04/26/2018","1,146.01","1,139.00","1,150.31","1,131.11","36.27K","0.75%"
"04/27/2018","1,146.80","1,146.01","1,150.13","1,130.81","20.25K","0.07%"
"04/30/2018","1,130.04","1,148.75","1,158.79","1,129.53","37.75K","-1.46%"
"05/01/2018","1,141.47","1,132.09","1,143.27","1,128.50","25.23K","1.01%"
"05/02/2018","1,133.03","1,140.99","1,145.00","1,127.00","22.78K","-0.74%"
"05/03/2018","1,108.77","1,129.25","1,131.92","1,107.96","36.82K","-2.14%"
"05/04/2018","1,124.25","1,107.56","1,128.36","1,107.56","48.49K","1.40%"
"05/07/2018","1,134.63","1,129.00","1,135.62","1,124.13","29.34K","0.92%"
"05/08/2018","1,134.83","1,133.00","1,142.98","1,129.05","26.21K","0.02%"
"05/09/2018","1,145.49","1,142.73","1,148.00","1,135.25","17.35K","0.94%"
"05/10/2018","1,153.15","1,146.79","1,156.00","1,142.73","22.20K","0.67%"
"05/11/2018","1,158.00","1,147.53","1,159.48","1,147.53","31.24K","0.42%"
"05/14/2018","1,131.69","1,157.98","1,157.98","1,130.02","24.48K","-2.27%"
"05/15/2018","1,126.68","1,130.00","1,135.00","1,121.01","25.32K","-0.44%"
"05/16/2018","1,130.18","1,130.00","1,140.47","1,123.38","23.52K","0.31%"
"05/17/2018","1,123.01","1,129.92","1,132.69","1,120.63","20.96K","-0.63%"
"05/18/2018","1,135.39","1,123.06","1,138.98","1,121.21","24.75K","1.10%"
"05/21/2018","1,151.73","1,138.56","1,180.00","1,131.83","31.99K","1.44%"
"05/22/2018","1,148.96","1,152.01","1,168.00","1,146.35","24.14K","-0.24%"
"05/23/2018","1,138.84","1,148.02","1,149.86","1,130.40","23.03K","-0.88%"
"05/24/2018","1,141.38","1,139.84","1,143.63","1,130.50","17.27K","0.22%"
"05/25/2018","1,134.68","1,134.20","1,143.41","1,134.20","21.30K","-0.59%"
"05/29/2018","1,111.05","1,122.21","1,132.92","1,109.97","38.32K","-2.08%"
"05/30/2018","1,114.11","1,113.15","1,122.98","1,111.13","35.97K","0.28%"
"05/31/2018","1,097.08","1,112.20","1,114.00","1,086.56","55.67K","-1.53%"
"06/01/2018","1,095.59","1,109.80","1,113.70","1,086.28","43.11K","-0.14%"
"06/04/2018","1,103.10","1,099.99","1,108.97","1,091.10","32.37K","0.69%"
"06/05/2018","1,106.97","1,104.13","1,108.89","1,096.50","27.60K","0.35%"
"06/06/2018","1,109.91","1,107.80","1,114.22","1,103.02","34.84K","0.27%"
"06/07/2018","1,109.08","1,112.12","1,112.39","1,105.92","23.62K","-0.07%"
"06/08/2018","1,117.59","1,110.14","1,118.71","1,105.00","23.42K","0.77%"
"06/11/2018","1,118.55","1,115.89","1,118.70","1,108.16","26.92K","0.09%"
"06/12/2018","1,108.71","1,118.00","1,118.03","1,106.13","26.38K","-0.88%"
"06/13/2018","1,099.75","1,111.20","1,117.86","1,097.51","18.93K","-0.81%"
"06/14/2018","1,099.90","1,100.20","1,110.00","1,091.00","34.87K","0.01%"
"06/15/2018","1,113.00","1,098.55","1,113.00","1,092.42","52.12K","1.19%"
"06/18/2018","1,103.31","1,102.00","1,107.65","1,096.00","35.86K","-0.87%"
"06/19/2018","1,103.44","1,095.00","1,110.13","1,095.00","37.62K","0.01%"
"06/20/2018","1,100.03","1,109.97","1,116.00","1,095.97","33.57K","-0.31%"
"06/21/2018","1,101.24","1,100.00","1,108.00","1,089.80","32.53K","0.11%"
"06/22/2018","1,114.68","1,096.00","1,116.22","1,091.91","61.39K","1.22%"
"06/25/2018","1,101.50","1,106.01","1,116.75","1,099.00","35.33K","-1.18%"
"06/26/2018","1,101.79","1,103.11","1,111.00","1,095.65","23.93K","0.03%"
"06/27/2018","1,090.41","1,107.80","1,107.80","1,090.31","24.58K","-1.03%"
"06/28/2018","1,086.71","1,089.98","1,097.00","1,083.92","43.30K","-0.34%"
"06/29/2018","1,084.35","1,087.99","1,102.37","1,084.35","42.84K","-0.22%"
"07/02/2018","1,083.61","1,085.01","1,094.95","1,078.02","45.75K","-0.07%"
"07/03/2018","1,083.48","1,087.60","1,094.30","1,081.10","15.06K","-0.01%"
"07/05/2018","1,094.15","1,086.70","1,094.55","1,082.07","24.74K","0.98%"
"07/06/2018","1,111.98","1,094.00","1,112.07","1,090.00","36.86K","1.63%"
"07/09/2018","1,122.41","1,113.05","1,124.99","1,108.20","35.06K","0.94%"
"07/10/2018","1,120.58","1,123.03","1,129.00","1,115.19","22.42K","-0.16%"
"07/11/2018","1,126.42","1,114.52","1,130.00","1,110.59","19.20K","0.52%"
"07/12/2018","1,128.88","1,130.99","1,134.00","1,124.11","20.48K","0.22%"
"07/13/2018","1,129.50","1,126.00","1,133.99","1,120.52","25.68K","0.05%"
"07/16/2018","1,142.93","1,128.98","1,145.01","1,120.50","21.79K","1.19%"
"07/17/2018","1,132.47","1,143.71","1,149.00","1,130.82","13.26K","-0.92%"
"07/18/2018","1,142.30","1,132.92","1,148.04","1,132.92","19.91K","0.87%"
"07/19/2018","1,140.31","1,138.55","1,146.41","1,133.39","17.24K","-0.17%"
"07/20/2018","1,147.76","1,143.06","1,147.95","1,135.00","27.53K","0.65%"
"07/23/2018","1,142.93","1,145.54","1,148.89","1,135.00","20.32K","-0.42%"
"07/24/2018","1,139.75","1,142.68","1,148.90","1,133.70","28.48K","-0.28%"
"07/25/2018","1,147.00","1,138.40","1,150.00","1,132.90","13.96K","0.64%"
"07/26/2018","1,158.77","1,148.86","1,162.61","1,145.02","17.20K","1.03%"
"07/27/2018","1,150.20","1,161.00","1,169.60","1,148.16","25.36K","-0.74%"
"07/30/2018","1,151.05","1,150.00","1,159.85","1,145.39","22.22K","0.07%"
"07/31/2018","1,170.00","1,152.00","1,174.99","1,146.00","39.22K","1.65%"
"08/01/2018","1,203.56","1,165.00","1,226.95","1,160.00","57.80K","2.87%"
"08/02/2018","1,178.91","1,197.99","1,198.99","1,178.08","34.00K","-2.05%"
"08/03/2018","1,179.00","1,180.76","1,194.87","1,175.00","33.77K","0.01%"
"08/06/2018","1,180.94","1,178.71","1,187.85","1,175.00","25.87K","0.16%"
"08/07/2018","1,181.77","1,181.00","1,194.40","1,175.00","27.34K","0.07%"
"08/08/2018","1,176.87","1,183.30","1,183.30","1,175.00","16.59K","-0.41%"
"08/09/2018","1,183.01","1,177.00","1,185.00","1,170.82","34.69K","0.52%"
"08/10/2018","1,185.74","1,180.66","1,188.60","1,174.01","18.92K","0.23%"
"08/13/2018","1,189.95","1,183.78","1,198.09","1,179.51","19.85K","0.36%"
"08/14/2018","1,184.56","1,190.20","1,203.98","1,184.35","36.00K","-0.45%"
"08/15/2018","1,191.83","1,183.90","1,196.88","1,182.17","25.88K","0.61%"
"08/16/2018","1,200.50","1,196.01","1,209.43","1,193.20","20.27K","0.73%"
"08/17/2018","1,203.38","1,199.33","1,216.66","1,195.64","11.29K","0.24%"
"08/20/2018","1,211.43","1,204.32","1,216.25","1,198.01","19.20K","0.67%"
"08/21/2018","1,217.89","1,212.50","1,228.32","1,212.25","37.50K","0.53%"
"08/22/2018","1,213.70","1,218.42","1,227.70","1,207.52","21.22K","-0.34%"
"08/23/2018","1,216.93","1,213.00","1,221.88","1,212.50","17.33K","0.27%"
"08/24/2018","1,217.82","1,218.00","1,225.00","1,214.43","15.35K","0.07%"
"08/27/2018","1,214.50","1,220.00","1,222.00","1,207.52","30.55K","-0.27%"
"08/28/2018","1,211.37","1,215.00","1,219.95","1,207.00","25.25K","-0.26%"
"08/29/2018","1,207.04","1,218.55","1,219.00","1,203.88","26.60K","-0.36%"
"08/30/2018","1,198.44","1,203.93","1,217.99","1,191.11","30.81K","-0.71%"
"08/31/2018","1,208.80","1,195.64","1,214.99","1,193.85","43.68K","0.86%"
"09/04/2018","1,199.91","1,209.32","1,214.97","1,190.04","39.51K","-0.74%"
"09/05/2018","1,203.12","1,201.31","1,212.93","1,192.15","21.63K","0.27%"
"09/06/2018","1,208.52","1,201.69","1,214.26","1,201.69","24.83K","0.45%"
"09/07/2018","1,200.44","1,205.00","1,210.85","1,195.26","16.94K","-0.67%"
"09/10/2018","1,190.19","1,202.69","1,203.01","1,186.10","21.84K","-0.85%"
"09/11/2018","1,189.32","1,187.65","1,201.64","1,185.34","22.28K","-0.07%"
"09/12/2018","1,186.78","1,186.84","1,190.84","1,181.06","19.70K","-0.21%"
"09/13/2018","1,199.61","1,187.56","1,201.82","1,187.56","23.09K","1.08%"
"09/14/2018","1,202.55","1,200.00","1,208.95","1,197.25","19.76K","0.25%"
"09/17/2018","1,203.05","1,204.36","1,204.36","1,195.95","17.88K","0.04%"
"09/18/2018","1,218.38","1,205.25","1,220.12","1,198.05","34.02K","1.27%"
"09/19/2018","1,203.45","1,201.27","1,217.83","1,191.20","36.18K","-1.23%"
"09/20/2018","1,215.11","1,204.91","1,225.00","1,197.52","23.71K","0.97%"
"09/21/2018","1,216.15","1,215.15","1,220.60","1,195.42","42.80K","0.09%"
"09/24/2018","1,202.32","1,209.66","1,215.00","1,199.34","32.28K","-1.14%"
"09/25/2018","1,204.22","1,206.40","1,213.18","1,202.00","38.82K","0.16%"
"09/26/2018","1,193.09","1,203.53","1,204.20","1,192.51","48.55K","-0.92%"
"09/27/2018","1,189.85","1,195.00","1,199.48","1,186.00","35.14K","-0.27%"
"09/28/2018","1,188.49","1,189.00","1,191.29","1,181.92","59.63K","-0.11%"
"10/01/2018","1,181.67","1,195.79","1,195.80","1,176.37","62.57K","-0.57%"
"10/02/2018","1,177.70","1,181.67","1,191.39","1,168.24","54.87K","-0.34%"
"10/03/2018","1,171.00","1,179.89","1,185.40","1,168.00","56.26K","-0.57%"
"10/04/2018","1,183.87","1,171.89","1,184.97","1,170.00","52.85K","1.10%"
"10/05/2018","1,180.02","1,180.00","1,192.92","1,176.01","34.08K","-0.33%"
"10/08/2018","1,184.02","1,178.16","1,188.37","1,177.16","32.82K","0.34%"
"10/09/2018","1,191.73","1,181.37","1,203.43","1,181.37","57.15K","0.65%"
"10/10/2018","1,159.05","1,192.50","1,195.50","1,158.53","35.88K","-2.74%"
"10/11/2018","1,131.05","1,155.10","1,159.67","1,125.03","54.07K","-2.42%"
"10/12/2018","1,131.20","1,142.00","1,149.84","1,110.01","55.95K","0.01%"
"10/15/2018","1,112.41","1,131.20","1,131.20","1,112.41","49.29K","-1.66%"
"10/16/2018","1,128.71","1,117.84","1,131.00","1,113.01","60.99K","1.47%"
"10/17/2018","1,126.22","1,133.00","1,149.00","1,119.60","53.24K","-0.22%"
"10/18/2018","1,123.88","1,119.80","1,138.53","1,119.12","37.95K","-0.21%"
"10/19/2018","1,120.52","1,128.20","1,136.32","1,116.51","25.83K","-0.30%"
"10/22/2018","1,098.65","1,115.23","1,120.52","1,090.50","44.35K","-1.95%"
"10/23/2018","1,091.38","1,087.55","1,108.10","1,080.01","41.49K","-0.66%"
"10/24/2018","1,081.29","1,087.50","1,098.74","1,075.35","51.17K","-0.92%"
"10/25/2018","1,077.32","1,080.31","1,093.66","1,074.99","60.71K","-0.37%"
"10/26/2018","1,076.40","1,070.30","1,089.91","1,062.53","34.68K","-0.09%"
"10/29/2018","1,020.00","1,082.24","1,092.40","1,020.00","145.05K","-5.24%"
"10/30/2018","1,074.00","1,025.19","1,077.42","1,024.25","62.79K","5.29%"
"10/31/2018","1,093.24","1,099.99","1,109.98","1,057.20","93.98K","1.79%"
"11/01/2018","1,066.85","1,092.67","1,115.00","1,061.55","67.74K","-2.41%"
"11/02/2018","1,079.71","1,072.92","1,089.84","1,070.37","33.47K","1.21%"
"11/05/2018","1,098.75","1,085.54","1,107.93","1,085.54","28.41K","1.76%"
"11/06/2018","1,105.95","1,104.80","1,112.48","1,098.78","47.88K","0.66%"
"11/07/2018","1,127.21","1,109.42","1,132.02","1,106.89","23.42K","1.92%"
"11/08/2018","1,130.83","1,126.00","1,143.75","1,122.92","19.32K","0.32%"
"11/09/2018","1,121.99","1,114.52","1,135.39","1,114.52","15.23K","-0.78%"
"11/12/2018","1,103.27","1,121.85","1,121.99","1,100.66","29.91K","-1.67%"
"11/13/2018","1,103.94","1,097.26","1,107.90","1,095.00","40.57K","0.06%"
"11/14/2018","1,086.21","1,105.75","1,111.70","1,075.50","37.44K","-1.61%"
"11/15/2018","1,099.75","1,079.15","1,100.00","1,075.00","28.22K","1.25%"
"11/16/2018","1,108.66","1,098.29","1,123.97","1,093.52","26.48K","0.81%"
"11/19/2018","1,113.85","1,119.68","1,120.03","1,100.97","24.74K","0.47%"
"11/20/2018","1,089.02","1,100.20","1,117.00","1,080.00","43.49K","-2.23%"
"11/21/2018","1,085.79","1,092.67","1,097.98","1,083.02","41.48K","-0.30%"
"11/23/2018","1,087.42","1,081.00","1,098.87","1,080.99","13.26K","0.15%"
"11/26/2018","1,114.90","1,090.60","1,117.34","1,090.02","41.65K","2.53%"
"11/27/2018","1,094.60","1,109.66","1,118.98","1,090.37","36.08K","-1.82%"
"11/28/2018","1,120.11","1,098.11","1,120.20","1,091.75","31.48K","2.33%"
"11/29/2018","1,116.15","1,115.02","1,128.60","1,113.79","30.73K","-0.35%"
"11/30/2018","1,144.14","1,116.55","1,149.96","1,116.55","58.43K","2.51%"
"12/03/2018","1,144.22","1,157.00","1,158.99","1,131.32","46.20K","0.01%"
"12/04/2018","1,136.46","1,153.98","1,153.98","1,131.18","40.34K","-0.68%"
"12/06/2018","1,147.93","1,119.00","1,148.35","1,110.66","95.64K","1.01%"
"12/07/2018","1,048.23","1,135.00","1,138.98","1,026.01","148.77K","-8.69%"
"12/10/2018","1,055.72","1,050.84","1,080.43","1,028.00","77.08K","0.71%"
"12/11/2018","1,061.33","1,063.67","1,080.00","1,049.47","42.31K","0.53%"
"12/12/2018","1,059.00","1,063.07","1,077.99","1,055.00","37.23K","-0.22%"
"12/13/2018","1,061.18","1,061.18","1,076.80","1,051.00","28.04K","0.21%"
"12/14/2018","1,048.58","1,055.00","1,069.80","1,037.20","57.83K","-1.19%"
"12/17/2018","1,027.66","1,045.19","1,048.00","1,021.78","35.03K","-2.00%"
"12/18/2018","1,007.72","1,033.25","1,036.95","990.37","82.22K","-1.94%"
"12/19/2018","1,009.98","1,005.13","1,035.00","1,002.18","77.45K","0.22%"
"12/20/2018","983.50","1,006.47","1,018.00","980.00","83.66K","-2.62%"
"12/21/2018","974.65","986.89","1,017.40","971.51","97.55K","-0.90%"
"12/24/2018","954.39","968.50","972.29","954.39","26.32K","-2.08%"
"12/26/2018","996.92","955.00","997.51","955.00","46.98K","4.46%"
"12/27/2018","1,010.75","988.02","1,010.75","978.77","54.53K","1.39%"
"12/28/2018","1,014.92","1,013.52","1,030.34","1,000.01","49.71K","0.41%"
"12/31/2018","1,038.05","1,017.10","1,038.05","1,017.10","37.85K","2.28%"
"01/02/2019","1,022.24","1,021.88","1,043.62","1,012.79","34.36K","-1.52%"
"01/03/2019","1,007.43","1,019.90","1,029.50","1,005.10","32.38K","-1.45%"
"01/04/2019","1,029.31","1,012.00","1,046.40","1,012.00","58.56K","2.17%"
"01/07/2019","1,040.01","1,033.80","1,050.69","1,030.78","27.09K","1.04%"
"01/08/2019","1,040.42","1,050.73","1,053.90","1,026.93","43.99K","0.04%"
"01/09/2019","1,039.36","1,048.00","1,052.66","1,025.00","51.02K","-0.10%"
"01/10/2019","1,041.48","1,034.09","1,044.37","1,030.26","39.15K","0.20%"
"01/11/2019","1,039.15","1,044.00","1,047.00","1,025.02","31.20K","-0.22%"
"01/14/2019","1,030.06","1,038.42","1,043.30","1,020.01","41.30K","-0.87%"
"01/15/2019","1,040.10","1,029.17","1,042.34","1,022.11","28.70K","0.97%"
"01/16/2019","1,055.30","1,048.13","1,063.99","1,037.72","52.07K","1.46%"
"01/17/2019","1,056.35","1,054.71","1,064.99","1,050.14","27.76K","0.10%"
"01/18/2019","1,068.20","1,067.22","1,071.93","1,057.79","33.29K","1.12%"
"01/22/2019","1,035.00","1,066.32","1,081.00","1,034.71","44.18K","-3.11%"
"01/23/2019","1,040.33","1,037.37","1,060.00","1,033.85","35.13K","0.51%"
"01/24/2019","1,038.88","1,037.16","1,041.80","1,022.51","29.44K","-0.14%"
"01/25/2019","1,038.74","1,040.00","1,048.18","1,029.17","49.83K","-0.01%"
"01/28/2019","1,034.75","1,037.90","1,043.20","1,030.88","33.39K","-0.38%"
"01/29/2019","1,031.46","1,048.00","1,048.00","1,027.48","26.85K","-0.32%"
"01/30/2019","1,051.63","1,035.21","1,054.94","1,026.35","37.55K","1.96%"
"01/31/2019","1,053.51","1,051.65","1,058.42","1,042.77","29.56K","0.18%"
"02/01/2019","1,060.29","1,055.12","1,060.29","1,018.01","42.81K","0.64%"
"02/04/2019","1,065.50","1,055.96","1,068.05","1,051.87","33.22K","0.49%"
"02/05/2019","1,069.20","1,067.55","1,079.24","1,060.25","41.61K","0.35%"
"02/06/2019","1,018.00","1,047.90","1,066.10","1,011.11","92.38K","-4.79%"
"02/07/2019","1,012.62","1,010.01","1,024.86","1,002.00","44.28K","-0.53%"
"02/08/2019","1,018.01","1,011.96","1,019.01","1,001.25","32.62K","0.53%"
"02/11/2019","1,020.14","1,019.00","1,022.89","1,011.62","33.45K","0.21%"
"02/12/2019","1,031.77","1,026.00","1,036.50","1,025.00","40.12K","1.14%"
"02/13/2019","1,016.87","1,037.43","1,043.75","1,015.00","45.36K","-1.44%"
"02/14/2019","1,010.38","1,015.25","1,028.47","1,005.01","37.15K","-0.64%"
"02/15/2019","1,009.80","1,018.15","1,024.80","1,008.00","74.96K","-0.06%"
"02/19/2019","1,016.87","1,007.64","1,024.92","1,007.64","44.12K","0.70%"
"02/20/2019","1,019.76","1,016.16","1,024.71","1,008.03","38.95K","0.28%"
"02/21/2019","1,010.40","1,017.06","1,022.12","1,003.01","31.35K","-0.92%"
"02/22/2019","1,002.00","1,007.64","1,013.45","995.58","52.25K","-0.83%"
"02/25/2019","1,002.42","1,010.00","1,013.74","1,000.29","52.21K","0.04%"
"02/26/2019","1,013.02","999.06","1,014.83","997.40","60.50K","1.06%"
"02/27/2019","1,002.05","1,008.76","1,015.94","999.46","32.10K","-1.08%"
"02/28/2019","1,004.88","1,002.05","1,012.16","1,001.56","96.17K","0.28%"
"03/01/2019","1,006.28","1,010.55","1,013.81","991.50","43.35K","0.14%"
"03/04/2019","990.69","1,007.76","1,009.99","981.55","34.52K","-1.55%"
"03/05/2019","991.64","983.56","994.13","981.20","26.85K","0.10%"
"03/06/2019","974.01","983.78","991.58","972.67","34.44K","-1.78%"
"03/07/2019","960.51","968.65","975.40","960.24","36.28K","-1.39%"
"03/08/2019","957.49","959.99","965.00","950.16","44.32K","-0.31%"
"03/11/2019","968.80","959.25","974.15","953.66","37.64K","1.18%"
"03/12/2019","980.55","975.62","984.78","972.65","49.61K","1.21%"
"03/13/2019","989.23","981.00","994.14","980.55","46.47K","0.89%"
"03/14/2019","1,004.73","998.95","1,007.41","988.05","114.76K","1.57%"
"03/15/2019","1,008.78","1,009.16","1,022.00","1,006.01","56.39K","0.40%"
"03/18/2019","997.94","1,011.76","1,017.98","997.58","52.84K","-1.07%"
"03/19/2019","991.16","1,003.12","1,005.25","988.79","49.65K","-0.68%"
"03/20/2019","987.88","990.00","995.99","982.02","38.88K","-0.33%"
"03/21/2019","990.36","982.66","999.82","982.50","29.52K","0.25%"
"03/22/2019","984.51","987.88","994.49","980.92","41.93K","-0.59%"
"03/25/2019","985.72","980.00","992.70","978.00","36.72K","0.12%"
"03/26/2019","980.27","989.39","993.95","978.71","39.52K","-0.55%"
"03/27/2019","980.22","978.75","985.32","975.50","33.06K","-0.01%"
"03/28/2019","981.73","977.30","983.77","976.07","32.48K","0.15%"
"03/29/2019","996.24","985.67","1,004.64","985.00","73.14K","1.48%"
"04/01/2019","984.19","999.03","1,002.59","982.51","72.57K","-1.21%"
"04/02/2019","978.74","984.09","988.00","977.46","43.24K","-0.55%"
"04/03/2019","980.00","976.00","982.18","970.42","79.59K","0.13%"
"04/04/2019","983.34","980.92","990.00","980.92","43.12K","0.34%"
"04/05/2019","982.76","983.60","986.00","981.48","107.84K","-0.06%"
"04/08/2019","980.47","983.00","986.24","977.01","84.46K","-0.23%"
"04/09/2019","980.07","982.53","986.11","975.92","80.23K","-0.04%"
"04/10/2019","979.66","983.25","985.00","978.38","74.02K","-0.04%"
"04/11/2019","985.78","980.00","987.01","978.16","87.60K","0.62%"
"04/12/2019","1,001.15","990.00","1,006.30","987.82","79.84K","1.56%"
"04/15/2019","1,002.75","1,000.00","1,010.00","998.13","61.68K","0.16%"
"04/16/2019","1,013.67","1,008.19","1,015.92","1,005.64","70.26K","1.09%"
"04/17/2019","1,012.34","1,013.00","1,022.00","1,008.90","46.35K","-0.13%"
"04/18/2019","1,014.82","1,014.46","1,023.99","1,011.95","47.31K","0.24%"
"04/22/2019","1,015.53","1,010.52","1,019.98","1,000.00","39.00K","0.07%"
"04/23/2019","1,027.19","1,014.46","1,029.11","1,008.18","44.06K","1.15%"
"04/24/2019","1,027.49","1,025.00","1,037.87","1,014.40","58.72K","0.03%"
"04/25/2019","1,029.44","1,016.56","1,032.94","1,010.01","64.24K","0.19%"
"04/26/2019","1,030.57","1,029.40","1,035.00","1,021.57","54.94K","0.11%"
"04/29/2019","1,057.14","1,030.51","1,060.00","1,030.51","54.05K","2.58%"
"04/30/2019","1,071.51","1,054.30","1,074.58","1,052.33","84.14K","1.36%"
"05/01/2019","1,061.03","1,071.26","1,085.00","1,058.30","83.29K","-0.98%"
"05/02/2019","1,062.34","1,062.40","1,079.66","1,054.87","62.85K","0.12%"
"05/03/2019","1,061.55","1,066.58","1,070.00","1,054.37","39.27K","-0.07%"
"05/06/2019","1,065.73","1,046.01","1,070.50","1,035.00","45.02K","0.39%"
"05/07/2019","1,052.47","1,060.00","1,065.52","1,046.63","55.87K","-1.24%"
"05/08/2019","1,043.93","1,052.00","1,064.90","1,043.00","39.00K","-0.81%"
"05/09/2019","1,043.85","1,037.65","1,045.33","1,026.35","63.38K","-0.01%"
"05/10/2019","1,051.04","1,037.02","1,060.00","1,030.01","48.17K","0.69%"
"05/13/2019","1,034.36","1,034.22","1,043.02","1,027.63","42.32K","-1.59%"
"05/14/2019","1,034.77","1,037.75","1,048.55","1,033.00","29.67K","0.04%"
"05/15/2019","1,047.17","1,028.31","1,052.99","1,026.32","49.32K","1.20%"
"05/16/2019","1,060.23","1,052.13","1,063.90","1,050.00","36.40K","1.25%"
"05/17/2019","1,060.99","1,052.53","1,069.51","1,052.53","53.26K","0.07%"
"05/20/2019","1,057.64","1,057.10","1,070.00","1,052.65","58.27K","-0.32%"
"05/21/2019","1,074.69","1,058.88","1,074.88","1,055.00","54.16K","1.61%"
"05/22/2019","1,086.40","1,071.00","1,086.59","1,067.00","65.58K","1.09%"
"05/23/2019","1,064.59","1,079.47","1,087.29","1,055.01","58.71K","-2.01%"
"05/24/2019","1,059.55","1,069.55","1,071.74","1,051.02","50.80K","-0.47%"
"05/28/2019","1,049.79","1,058.71","1,066.80","1,047.35","167.38K","-0.92%"
"05/29/2019","1,064.97","1,043.00","1,066.33","1,039.30","61.45K","1.45%"
"05/30/2019","1,055.39","1,067.00","1,074.99","1,052.11","28.30K","-0.90%"
"05/31/2019","1,058.87","1,050.00","1,059.51","1,046.60","39.74K","0.33%"
"06/03/2019","1,073.01","1,060.00","1,075.00","1,050.95","43.58K","1.34%"
"06/04/2019","1,081.35","1,074.62","1,084.89","1,070.00","55.54K","0.78%"
"06/05/2019","1,090.00","1,082.00","1,095.83","1,077.01","27.90K","0.80%"
"06/06/2019","1,081.76","1,093.69","1,099.00","1,080.00","27.15K","-0.76%"
"06/07/2019","1,090.00","1,082.20","1,090.99","1,077.24","33.25K","0.76%"
"06/10/2019","1,079.37","1,094.13","1,094.13","1,072.58","42.82K","-0.98%"
"06/11/2019","1,080.94","1,080.70","1,084.01","1,075.00","40.28K","0.15%"
"06/12/2019","1,078.84","1,079.53","1,083.73","1,075.00","27.32K","-0.19%"
"06/13/2019","1,081.32","1,080.06","1,083.90","1,072.50","22.96K","0.23%"
"06/14/2019","1,087.72","1,080.62","1,088.70","1,077.75","17.81K","0.59%"
"06/17/2019","1,077.75","1,087.71","1,089.81","1,076.82","35.67K","-0.92%"
"06/18/2019","1,084.93","1,078.34","1,086.23","1,077.75","44.84K","0.67%"
"06/19/2019","1,086.86","1,087.40","1,091.80","1,080.95","27.25K","0.18%"
"06/20/2019","1,095.88","1,091.59","1,098.59","1,083.57","30.92K","0.83%"
"06/21/2019","1,080.26","1,091.54","1,095.75","1,080.26","58.00K","-1.43%"
"06/24/2019","1,077.75","1,079.64","1,091.15","1,075.01","23.40K","-0.23%"
"06/25/2019","1,076.89","1,079.35","1,088.27","1,075.22","28.87K","-0.08%"
"06/26/2019","1,063.98","1,075.89","1,084.46","1,060.59","22.56K","-1.20%"
"06/27/2019","1,071.16","1,064.09","1,073.53","1,061.50","26.58K","0.67%"
"06/28/2019","1,089.60","1,076.38","1,091.54","1,071.40","54.17K","1.72%"
"07/01/2019","1,104.47","1,100.00","1,116.99","1,093.01","54.07K","1.36%"
"07/02/2019","1,106.89","1,104.00","1,109.80","1,097.92","32.82K","0.22%"
"07/03/2019","1,108.18","1,106.90","1,114.58","1,103.02","17.25K","0.12%"
"07/05/2019","1,116.40","1,105.78","1,117.82","1,100.30","19.49K","0.74%"
"07/08/2019","1,105.35","1,114.40","1,116.38","1,101.79","21.14K","-0.99%"
"07/09/2019","1,122.27","1,101.00","1,124.98","1,101.00","48.05K","1.53%"
"07/10/2019","1,121.62","1,128.10","1,137.00","1,119.40","36.98K","-0.06%"
"07/11/2019","1,118.36","1,120.59","1,129.25","1,116.59","33.58K","-0.29%"
"07/12/2019","1,113.76","1,118.96","1,118.96","1,104.05","33.13K","-0.41%"
"07/15/2019","1,114.46","1,111.81","1,117.02","1,105.78","19.62K","0.06%"
"07/16/2019","1,100.56","1,099.00","1,113.32","1,095.00","31.08K","-1.25%"
"07/17/2019","1,088.50","1,098.07","1,101.41","1,085.18","34.63K","-1.10%"
"07/18/2019","1,095.31","1,088.15","1,098.80","1,065.01","45.67K","0.63%"
"07/19/2019","1,090.20","1,097.72","1,103.58","1,082.93","33.99K","-0.47%"
"07/22/2019","1,080.02","1,089.55","1,094.20","1,077.11","14.31K","-0.93%"
"07/23/2019","1,086.32","1,080.75","1,087.99","1,075.01","30.69K","0.58%"
"07/24/2019","1,097.33","1,083.51","1,099.79","1,080.04","31.53K","1.01%"
"07/25/2019","1,105.77","1,100.00","1,109.62","1,095.17","30.03K","0.77%"
"07/26/2019","1,121.24","1,110.00","1,122.72","1,095.44","33.52K","1.40%"
"07/29/2019","1,114.91","1,119.40","1,128.17","1,110.60","32.52K","-0.56%"
"07/30/2019","1,110.19","1,109.81","1,114.99","1,100.89","44.39K","-0.42%"
"07/31/2019","1,113.93","1,133.00","1,151.70","1,095.25","111.19K","0.34%"
"08/01/2019","1,119.96","1,117.43","1,134.89","1,117.43","50.73K","0.54%"
"08/02/2019","1,119.24","1,116.27","1,122.50","1,104.88","23.24K","-0.06%"
"08/05/2019","1,091.25","1,106.82","1,109.99","1,084.71","41.71K","-2.50%"
"08/06/2019","1,103.90","1,090.44","1,106.10","1,083.69","49.19K","1.16%"
"08/07/2019","1,115.81","1,095.89","1,118.35","1,079.49","34.73K","1.08%"
"08/08/2019","1,141.28","1,119.37","1,144.38","1,112.95","36.53K","2.28%"
"08/09/2019","1,144.63","1,136.87","1,150.90","1,132.62","33.77K","0.29%"
"08/12/2019","1,139.46","1,140.82","1,154.86","1,125.29","26.24K","-0.45%"
"08/13/2019","1,148.06","1,137.23","1,157.80","1,133.10","25.92K","0.75%"
"08/14/2019","1,115.29","1,138.73","1,143.58","1,113.51","36.73K","-2.85%"
"08/15/2019","1,129.22","1,116.00","1,135.59","1,110.60","31.48K","1.25%"
"08/16/2019","1,152.02","1,135.25","1,153.98","1,132.57","34.04K","2.02%"
"08/19/2019","1,147.30","1,156.62","1,158.00","1,146.85","36.46K","-0.41%"
"08/20/2019","1,138.48","1,147.57","1,150.47","1,105.00","28.47K","-0.77%"
"08/21/2019","1,137.33","1,141.75","1,145.83","1,134.36","22.50K","-0.10%"
"08/22/2019","1,146.94","1,139.85","1,148.98","1,130.03","21.89K","0.84%"
"08/23/2019","1,124.00","1,147.21","1,158.88","1,118.03","26.09K","-2.00%"
"08/26/2019","1,136.41","1,128.14","1,139.00","1,123.76","21.80K","1.10%"
"08/27/2019","1,126.34","1,138.30","1,147.27","1,122.68","27.04K","-0.89%"
"08/28/2019","1,131.69","1,129.11","1,136.48","1,121.45","25.67K","0.47%"
"08/29/2019","1,141.51","1,137.07","1,149.16","1,135.10","24.66K","0.87%"
"08/30/2019","1,143.08","1,144.17","1,148.50","1,136.54","25.99K","0.14%"
"09/03/2019","1,149.73","1,139.84","1,150.85","1,138.32","38.34K","0.58%"
"09/04/2019","1,152.48","1,154.98","1,156.53","1,143.38","24.81K","0.24%"
"09/05/2019","1,152.89","1,158.60","1,162.94","1,144.00","21.50K","0.04%"
"09/06/2019","1,160.18","1,152.29","1,168.91","1,152.26","25.98K","0.63%"
"09/09/2019","1,168.61","1,168.37","1,172.34","1,155.01","26.17K","0.73%"
"09/10/2019","1,167.24","1,169.89","1,170.00","1,144.08","35.00K","-0.12%"
"09/11/2019","1,162.31","1,166.96","1,168.14","1,156.65","23.83K","-0.42%"
"09/12/2019","1,162.94","1,156.16","1,168.75","1,153.20","21.22K","0.05%"
"09/13/2019","1,164.84","1,166.06","1,174.49","1,156.73","30.07K","0.16%"
"09/16/2019","1,175.58","1,158.92","1,175.58","1,155.50","27.66K","0.92%"
"09/17/2019","1,177.91","1,167.98","1,184.47","1,167.98","28.49K","0.20%"
"09/18/2019","1,196.23","1,181.89","1,197.99","1,179.06","36.14K","1.56%"
"09/19/2019","1,187.23","1,195.01","1,199.50","1,183.25","29.13K","-0.75%"
"09/20/2019","1,185.28","1,188.00","1,194.62","1,180.88","59.75K","-0.16%"
"09/23/2019","1,187.87","1,175.00","1,191.53","1,173.76","27.87K","0.22%"
"09/24/2019","1,182.30","1,191.47","1,197.83","1,180.03","44.09K","-0.47%"
"09/25/2019","1,193.74","1,179.70","1,197.47","1,178.28","30.51K","0.97%"
"09/26/2019","1,190.52","1,199.03","1,204.45","1,190.10","35.16K","-0.27%"
"09/27/2019","1,185.34","1,191.50","1,193.80","1,182.96","25.61K","-0.44%"
"09/30/2019","1,181.90","1,185.86","1,187.18","1,173.30","37.84K","-0.29%"
"10/01/2019","1,172.21","1,182.99","1,216.47","1,167.32","42.74K","-0.82%"
"10/02/2019","1,152.18","1,170.00","1,172.81","1,147.20","32.85K","-1.71%"
"10/03/2019","1,163.65","1,148.81","1,165.64","1,139.31","46.00K","1.00%"
"10/04/2019","1,179.77","1,167.94","1,185.23","1,164.06","38.21K","1.39%"
"10/07/2019","1,169.65","1,177.94","1,180.28","1,168.22","36.43K","-0.86%"
"10/08/2019","1,145.28","1,162.22","1,163.80","1,145.06","33.84K","-2.08%"
"10/09/2019","1,146.67","1,150.20","1,155.00","1,142.74","23.59K","0.12%"
"10/10/2019","1,144.85","1,142.11","1,152.73","1,140.00","25.45K","-0.16%"
"10/11/2019","1,144.98","1,150.00","1,155.97","1,141.52","18.69K","0.01%"
"10/14/2019","1,143.20","1,147.73","1,148.98","1,136.02","18.56K","-0.16%"
"10/15/2019","1,145.33","1,146.80","1,149.93","1,141.09","25.79K","0.19%"
"10/16/2019","1,137.44","1,142.04","1,142.04","1,120.10","55.10K","-0.69%"
"10/17/2019","1,127.86","1,137.55","1,140.85","1,112.05","37.59K","-0.84%"
"10/18/2019","1,130.99","1,123.92","1,136.08","1,115.00","39.69K","0.28%"
"10/21/2019","1,153.05","1,132.99","1,156.99","1,131.60","30.95K","1.95%"
"10/22/2019","1,136.27","1,152.80","1,153.50","1,131.21","28.46K","-1.46%"
"10/23/2019","1,135.53","1,136.85","1,149.99","1,121.01","43.86K","-0.07%"
"10/24/2019","1,115.33","1,136.07","1,146.78","1,113.01","21.21K","-1.78%"
"10/25/2019","1,110.77","1,116.02","1,123.94","1,108.62","23.57K","-0.41%"
"10/28/2019","1,109.99","1,112.05","1,116.90","1,100.00","21.39K","-0.07%"
"10/29/2019","1,118.69","1,107.49","1,119.00","1,105.22","40.85K","0.78%"
"10/30/2019","1,164.83","1,121.12","1,175.00","1,119.00","60.03K","4.12%"
"10/31/2019","1,171.00","1,159.61","1,177.18","1,150.45","43.68K","0.53%"
"11/01/2019","1,173.86","1,172.09","1,182.98","1,163.50","39.19K","0.24%"
"11/04/2019","1,170.25","1,177.85","1,184.23","1,167.00","32.66K","-0.31%"
"11/05/2019","1,168.92","1,170.28","1,177.00","1,163.21","26.39K","-0.11%"
"11/06/2019","1,178.58","1,167.79","1,183.43","1,164.01","51.03K","0.83%"
"11/07/2019","1,174.50","1,179.27","1,186.28","1,168.60","32.88K","-0.35%"
"11/08/2019","1,165.42","1,174.37","1,179.07","1,160.21","20.97K","-0.77%"
"11/11/2019","1,157.54","1,160.27","1,179.21","1,157.31","21.24K","-0.68%"
"11/12/2019","1,143.13","1,158.07","1,161.51","1,142.18","29.07K","-1.24%"
"11/13/2019","1,135.43","1,139.67","1,146.39","1,134.12","23.22K","-0.67%"
"11/14/2019","1,129.87","1,133.46","1,140.29","1,126.02","45.08K","-0.49%"
"11/15/2019","1,123.38","1,130.72","1,134.73","1,121.01","33.06K","-0.57%"
"11/18/2019","1,125.89","1,124.50","1,132.86","1,122.05","31.67K","0.22%"
"11/19/2019","1,122.59","1,125.00","1,129.70","1,114.12","42.11K","-0.29%"
"11/20/2019","1,124.00","1,125.89","1,139.90","1,117.70","70.94K","0.13%"
"11/21/2019","1,102.50","1,123.00","1,130.00","1,100.71","43.58K","-1.91%"
"11/22/2019","1,111.96","1,100.17","1,115.50","1,100.17","36.15K","0.86%"
"11/25/2019","1,115.00","1,114.65","1,124.00","1,111.96","29.01K","0.27%"
"11/26/2019","1,134.90","1,115.00","1,137.05","1,115.00","44.77K","1.78%"
"11/27/2019","1,143.43","1,135.65","1,149.00","1,127.22","26.14K","0.75%"
"11/29/2019","1,135.55","1,145.37","1,148.99","1,134.46","18.16K","-0.69%"
"12/02/2019","1,121.92","1,136.01","1,139.99","1,121.91","34.30K","-1.20%"
"12/03/2019","1,107.25","1,114.31","1,119.40","1,103.21","44.42K","-1.31%"
"12/04/2019","1,111.00","1,105.09","1,123.79","1,104.80","42.16K","0.34%"
"12/05/2019","1,120.24","1,115.58","1,127.18","1,113.03","34.29K","0.83%"
"12/06/2019","1,134.12","1,123.44","1,138.65","1,123.44","31.36K","1.24%"
"12/09/2019","1,131.68","1,134.00","1,140.28","1,127.00","34.92K","-0.22%"
"12/10/2019","1,137.00","1,129.17","1,143.00","1,129.17","42.79K","0.47%"
"12/11/2019","1,125.11","1,136.71","1,139.95","1,122.20","33.61K","-1.05%"
"12/12/2019","1,131.59","1,122.81","1,140.00","1,122.81","42.63K","0.58%"
"12/13/2019","1,137.33","1,131.88","1,137.93","1,123.05","36.29K","0.51%"
"12/16/2019","1,138.92","1,135.92","1,143.66","1,132.03","40.10K","0.14%"
"12/17/2019","1,141.08","1,138.08","1,143.00","1,131.00","41.51K","0.19%"
"12/18/2019","1,137.43","1,142.99","1,146.74","1,136.79","50.69K","-0.32%"
"12/19/2019","1,141.68","1,138.69","1,147.60","1,128.00","47.33K","0.37%"
"12/20/2019","1,138.33","1,145.32","1,151.45","1,137.27","36.40K","-0.29%"
"12/23/2019","1,129.97","1,137.01","1,142.88","1,127.02","39.44K","-0.73%"
"12/24/2019","1,124.05","1,129.66","1,134.68","1,124.05","14.06K","-0.52%"
"12/26/2019","1,123.65","1,125.49","1,133.24","1,116.39","22.40K","-0.04%"
"12/27/2019","1,122.35","1,125.08","1,126.29","1,119.47","25.16K","-0.12%"
"12/30/2019","1,140.00","1,122.46","1,140.00","1,118.88","51.71K","1.57%"
"12/31/2019","1,143.17","1,137.75","1,148.00","1,133.14","39.31K","0.28%"
"01/02/2020","1,155.22","1,143.77","1,155.22","1,135.01","40.22K","1.05%"
"01/03/2020","1,161.44","1,144.20","1,164.96","1,144.20","35.08K","0.54%"
"01/06/2020","1,160.59","1,151.46","1,163.81","1,148.19","50.39K","-0.07%"
"01/07/2020","1,160.14","1,160.01","1,169.26","1,158.28","30.35K","-0.04%"
"01/08/2020","1,152.72","1,159.61","1,166.00","1,152.72","41.07K","-0.64%"
"01/09/2020","1,165.88","1,156.59","1,168.79","1,156.18","25.42K","1.14%"
"01/10/2020","1,162.21","1,167.73","1,171.38","1,160.56","23.96K","-0.31%"
"01/13/2020","1,169.17","1,161.25","1,171.60","1,161.25","42.73K","0.60%"
"01/14/2020","1,178.69","1,165.79","1,180.00","1,160.86","46.78K","0.81%"
"01/15/2020","1,170.36","1,178.85","1,187.25","1,164.47","44.08K","-0.71%"
"01/16/2020","1,182.54","1,173.60","1,185.79","1,172.75","27.26K","1.04%"
"01/17/2020","1,192.76","1,182.00","1,194.69","1,178.16","32.22K","0.86%"
"01/21/2020","1,186.24","1,186.36","1,193.00","1,175.53","33.00K","-0.55%"
"01/22/2020","1,186.05","1,191.97","1,193.00","1,179.57","38.69K","-0.02%"
"01/23/2020","1,180.47","1,178.77","1,187.01","1,172.50","35.79K","-0.47%"
"01/24/2020","1,188.38","1,181.08","1,190.95","1,179.96","30.69K","0.67%"
"01/27/2020","1,172.27","1,176.49","1,184.32","1,170.74","30.92K","-1.36%"
"01/28/2020","1,169.19","1,170.58","1,183.58","1,168.99","40.66K","-0.26%"
"01/29/2020","1,171.32","1,169.91","1,181.99","1,166.00","25.22K","0.18%"
"01/30/2020","1,175.10","1,163.82","1,179.31","1,161.00","34.56K","0.32%"
"01/31/2020","1,172.97","1,168.21","1,184.03","1,168.21","42.52K","-0.18%"
"02/03/2020","1,178.07","1,181.00","1,194.61","1,178.05","37.25K","0.43%"
"02/04/2020","1,192.95","1,185.02","1,202.98","1,184.13","35.23K","1.26%"
"02/05/2020","1,259.61","1,206.26","1,283.63","1,204.00","69.82K","5.59%"
"02/06/2020","1,297.77","1,262.38","1,301.23","1,262.38","56.25K","3.03%"
"02/07/2020","1,303.60","1,288.64","1,310.83","1,282.83","40.49K","0.45%"
"02/10/2020","1,294.50","1,303.22","1,318.39","1,290.10","54.26K","-0.70%"
"02/11/2020","1,306.02","1,296.53","1,307.98","1,291.10","41.46K","0.89%"
"02/12/2020","1,309.97","1,312.22","1,319.49","1,297.87","35.50K","0.30%"
"02/13/2020","1,319.73","1,306.55","1,321.41","1,301.08","21.95K","0.75%"
"02/14/2020","1,323.64","1,318.19","1,325.23","1,310.01","24.31K","0.30%"
"02/18/2020","1,326.69","1,320.00","1,329.99","1,314.20","43.27K","0.23%"
"02/19/2020","1,336.68","1,328.11","1,340.72","1,323.07","27.61K","0.75%"
"02/20/2020","1,341.08","1,331.73","1,345.45","1,325.22","30.60K","0.33%"
"02/21/2020","1,340.84","1,336.93","1,347.64","1,328.08","21.43K","-0.02%"
"02/24/2020","1,320.04","1,313.93","1,332.50","1,311.18","39.07K","-1.55%"
"02/25/2020","1,294.88","1,326.85","1,332.55","1,288.65","42.70K","-1.91%"
"02/26/2020","1,278.61","1,294.00","1,313.91","1,271.99","43.11K","-1.26%"
"02/27/2020","1,225.71","1,270.00","1,274.99","1,225.71","53.85K","-4.14%"
"02/28/2020","1,181.60","1,196.67","1,201.49","1,160.01","100.10K","-3.60%"
"03/02/2020","1,262.70","1,181.60","1,262.70","1,176.48","55.94K","6.86%"
"03/03/2020","1,239.81","1,260.09","1,270.00","1,229.81","66.64K","-1.81%"
"03/04/2020","1,273.92","1,246.98","1,273.92","1,235.06","53.43K","2.75%"
"03/05/2020","1,228.68","1,239.09","1,250.00","1,209.00","43.97K","-3.55%"
"03/06/2020","1,216.94","1,196.35","1,222.05","1,182.60","48.94K","-0.96%"
"03/09/2020","1,094.17","1,140.43","1,145.81","1,082.51","78.16K","-10.09%"
"03/10/2020","1,164.77","1,115.97","1,164.77","1,086.44","70.94K","6.45%"
"03/11/2020","1,086.81","1,136.97","1,149.26","1,069.00","76.00K","-6.69%"
"03/12/2020","947.76","1,022.30","1,024.00","936.82","120.43K","-12.79%"
"03/13/2020","1,046.61","991.91","1,047.21","948.02","76.64K","10.43%"
"03/16/2020","839.06","937.00","944.82","805.00","108.00K","-19.83%"
"03/17/2020","863.76","856.83","871.65","768.62","146.48K","2.94%"
"03/18/2020","792.13","802.14","818.91","726.01","112.72K","-8.29%"
"03/19/2020","836.56","792.06","848.48","750.28","99.84K","5.61%"
"03/20/2020","785.18","844.00","875.00","765.75","84.30K","-6.14%"
"03/23/2020","742.21","765.01","781.00","710.52","92.61K","-5.47%"
"03/24/2020","854.00","799.43","874.99","782.01","83.02K","15.06%"
"03/25/2020","858.28","856.30","906.69","844.01","72.19K","0.50%"
"03/26/2020","950.52","866.44","950.52","860.00","101.45K","10.75%"
"03/27/2020","892.43","909.41","934.67","885.01","76.86K","-6.11%"
"03/30/2020","946.99","897.70","953.65","893.75","52.25K","6.11%"
"03/31/2020","927.89","932.49","942.94","911.00","45.35K","-2.02%"
"04/01/2020","885.72","883.43","913.01","875.00","38.82K","-4.54%"
"04/02/2020","909.35","889.81","929.97","880.01","104.01K","2.67%"
"04/03/2020","867.30","894.19","923.00","857.18","105.48K","-4.62%"
"04/06/2020","924.94","910.35","930.58","902.14","95.05K","6.65%"
"04/07/2020","943.00","974.00","997.98","940.57","73.53K","1.95%"
"04/08/2020","980.38","961.32","982.60","930.51","48.76K","3.96%"
"04/09/2020","1,005.40","982.00","1,022.79","982.00","56.18K","2.55%"
"04/13/2020","943.99","974.54","995.00","940.94","66.73K","-6.11%"
"04/14/2020","976.29","955.00","980.74","952.00","61.67K","3.42%"
"04/15/2020","938.50","965.10","965.10","933.45","47.53K","-3.87%"
"04/16/2020","922.86","949.70","949.94","913.10","50.17K","-1.67%"
"04/17/2020","954.39","954.00","959.98","932.30","48.97K","3.42%"
"04/20/2020","927.82","937.13","946.84","910.06","59.24K","-2.78%"
"04/21/2020","889.44","905.23","909.80","883.00","40.72K","-4.14%"
"04/22/2020","879.04","907.29","912.39","875.01","55.70K","-1.17%"
"04/23/2020","881.43","898.99","902.52","877.23","72.31K","0.27%"
"04/24/2020","879.54","881.91","888.90","861.01","44.99K","-0.21%"
"04/27/2020","900.92","890.64","908.11","880.01","47.62K","2.43%"
"04/28/2020","908.11","923.88","939.99","901.78","55.46K","0.80%"
"04/29/2020","910.86","903.00","939.78","887.11","96.64K","0.30%"
"04/30/2020","865.84","904.27","909.50","860.00","90.05K","-4.94%"
"05/01/2020","834.08","850.26","901.82","820.97","69.64K","-3.67%"
"05/04/2020","822.82","831.00","834.01","815.00","75.03K","-1.35%"
"05/05/2020","828.36","839.86","861.97","824.78","62.74K","0.67%"
"05/06/2020","810.03","828.36","834.37","804.47","70.09K","-2.21%"
"05/07/2020","836.01","834.00","854.97","827.13","72.19K","3.21%"
"05/08/2020","869.71","848.98","877.79","844.91","58.92K","4.03%"
"05/11/2020","858.67","858.03","874.97","847.38","80.80K","-1.27%"
"05/12/2020","837.39","861.89","873.99","831.01","46.38K","-2.48%"
"05/13/2020","790.45","830.79","835.99","781.31","78.47K","-5.61%"
"05/14/2020","813.18","782.46","814.98","761.06","66.17K","2.88%"
"05/15/2020","831.55","810.00","835.98","800.00","63.70K","2.26%"
"05/18/2020","844.06","836.77","859.18","836.77","60.17K","1.50%"
"05/19/2020","846.54","840.28","857.27","831.33","77.84K","0.29%"
"05/20/2020","860.00","855.00","879.99","852.19","100.06K","1.59%"
"05/21/2020","863.08","857.10","885.00","852.01","90.44K","0.36%"
"05/22/2020","868.85","861.35","885.00","844.98","49.18K","0.67%"
"05/26/2020","918.99","896.75","924.34","888.14","70.79K","5.77%"
"05/27/2020","937.75","938.03","947.67","923.21","63.31K","2.04%"
"05/28/2020","930.60","942.34","943.81","923.01","58.83K","-0.76%"
"05/29/2020","897.42","919.40","925.30","891.30","72.97K","-3.57%"
"06/01/2020","897.75","900.00","905.68","894.29","44.27K","0.04%"
"06/02/2020","930.77","901.78","937.36","897.59","83.45K","3.68%"
"06/03/2020","973.45","949.74","986.26","945.21","59.28K","4.59%"
"06/04/2020","981.41","981.36","985.62","956.71","42.82K","0.82%"
"06/05/2020","1,021.42","1,005.82","1,034.50","1,000.00","56.89K","4.08%"
"06/08/2020","1,049.55","1,032.09","1,049.56","1,017.38","42.27K","2.75%"
"06/09/2020","1,031.90","1,030.09","1,043.33","1,015.45","70.15K","-1.68%"
"06/10/2020","982.83","1,022.28","1,029.15","976.07","72.85K","-4.76%"
"06/11/2020","929.80","942.73","950.00","928.99","100.60K","-5.40%"
"06/12/2020","949.95","969.63","974.39","921.88","55.97K","2.17%"
"06/15/2020","945.39","914.86","954.67","903.21","51.90K","-0.48%"
"06/16/2020","966.15","980.93","985.00","951.00","42.11K","2.20%"
"06/17/2020","948.08","963.64","965.82","945.42","34.85K","-1.87%"
"06/18/2020","947.03","939.55","956.18","926.67","43.86K","-0.11%"
"06/19/2020","930.76","965.11","965.11","928.07","86.96K","-1.72%"
"06/22/2020","934.74","925.00","941.10","915.01","31.93K","0.43%"
"06/23/2020","932.76","948.24","952.13","928.52","37.20K","-0.21%"
"06/24/2020","895.15","920.88","924.60","895.14","43.08K","-4.03%"
"06/25/2020","907.86","892.51","911.86","881.66","43.36K","1.42%"
"06/26/2020","882.33","900.85","906.52","880.59","110.24K","-2.81%"
"06/29/2020","907.18","889.49","913.77","881.50","41.25K","2.82%"
"06/30/2020","923.17","902.58","955.00","898.70","82.79K","1.76%"
"07/01/2020","914.17","921.71","934.20","908.49","37.11K","-0.97%"
"07/02/2020","905.33","933.13","939.70","903.35","49.42K","-0.97%"
"07/06/2020","914.36","916.24","924.99","903.55","50.64K","1.00%"
"07/07/2020","893.46","905.01","913.00","890.01","38.01K","-2.29%"
"07/08/2020","898.09","895.00","907.82","887.09","38.05K","0.52%"
"07/09/2020","892.91","894.48","905.00","881.00","62.32K","-0.58%"
"07/10/2020","913.92","892.90","916.78","886.41","34.36K","2.35%"
"07/13/2020","911.80","920.00","931.70","906.05","38.15K","-0.23%"
"07/14/2020","927.21","910.34","928.20","904.00","29.89K","1.69%"
"07/15/2020","940.83","932.00","944.54","927.62","36.53K","1.47%"
"07/16/2020","953.82","938.32","966.40","934.95","32.70K","1.38%"
"07/17/2020","940.18","954.00","958.00","940.18","31.45K","-1.43%"
"07/20/2020","943.33","937.28","949.99","935.95","34.34K","0.34%"
"07/21/2020","954.45","946.42","963.34","945.21","35.01K","1.18%"
"07/22/2020","958.69","945.82","962.92","945.82","39.78K","0.44%"
"07/23/2020","987.52","959.71","990.00","952.01","41.35K","3.01%"
"07/24/2020","1,015.44","985.00","1,021.17","984.99","106.78K","2.83%"
"07/27/2020","1,014.91","1,012.81","1,021.08","991.89","63.03K","-0.05%"
"07/28/2020","992.48","1,010.88","1,025.00","990.72","58.28K","-2.21%"
"07/29/2020","1,011.70","1,022.81","1,060.00","1,005.30","85.41K","1.94%"
"07/30/2020","1,045.37","998.00","1,053.04","998.00","70.40K","3.33%"
"07/31/2020","1,044.54","1,043.26","1,051.08","1,030.31","55.44K","-0.08%"
"08/03/2020","1,048.34","1,044.61","1,054.48","1,035.52","42.95K","0.36%"
"08/04/2020","1,042.67","1,043.13","1,047.45","1,030.00","41.44K","-0.54%"
"08/05/2020","1,063.00","1,048.16","1,068.62","1,046.36","48.06K","1.95%"
"08/06/2020","1,077.98","1,061.77","1,081.77","1,058.18","42.02K","1.41%"
"08/07/2020","1,090.03","1,077.20","1,094.71","1,071.88","42.88K","1.12%"
"08/10/2020","1,099.15","1,082.20","1,100.00","1,082.20","36.27K","0.84%"
"08/11/2020","1,093.68","1,113.39","1,124.00","1,087.50","36.92K","-0.50%"
"08/12/2020","1,072.66","1,100.00","1,106.02","1,065.14","28.38K","-1.92%"
"08/13/2020","1,083.91","1,067.66","1,091.95","1,058.92","31.66K","1.05%"
"08/14/2020","1,097.18","1,081.33","1,099.59","1,073.41","34.60K","1.22%"
"08/17/2020","1,073.50","1,094.29","1,094.29","1,065.18","20.07K","-2.16%"
"08/18/2020","1,072.25","1,076.08","1,100.00","1,064.10","26.60K","-0.12%"
"08/19/2020","1,074.43","1,073.25","1,081.01","1,067.51","28.90K","0.20%"
"08/20/2020","1,068.84","1,064.55","1,076.81","1,061.01","24.27K","-0.52%"
"08/21/2020","1,069.22","1,068.08","1,074.80","1,062.53","21.57K","0.04%"
"08/24/2020","1,089.07","1,069.22","1,091.70","1,069.22","29.11K","1.86%"
"08/25/2020","1,095.77","1,091.70","1,100.00","1,077.00","33.78K","0.62%"
"08/26/2020","1,085.42","1,089.00","1,089.98","1,077.89","30.75K","-0.94%"
"08/27/2020","1,111.62","1,094.00","1,124.00","1,093.11","27.34K","2.41%"
"08/28/2020","1,103.37","1,118.00","1,118.00","1,099.04","37.46K","-0.74%"
"08/31/2020","1,086.83","1,098.08","1,102.00","1,083.20","52.34K","-1.50%"
"09/01/2020","1,087.82","1,075.99","1,089.99","1,069.22","30.39K","0.09%"
"09/02/2020","1,102.72","1,096.23","1,114.13","1,081.16","33.79K","1.37%"
"09/03/2020","1,091.74","1,104.40","1,119.60","1,073.01","42.96K","-1.00%"
"09/04/2020","1,068.62","1,117.70","1,117.70","1,062.96","35.07K","-2.12%"
"09/08/2020","1,029.84","1,059.32","1,059.32","1,022.22","43.99K","-3.63%"
"09/09/2020","1,049.65","1,042.86","1,059.76","1,033.10","56.42K","1.92%"
"09/10/2020","1,044.97","1,050.67","1,056.45","1,035.20","39.08K","-0.45%"
"09/11/2020","1,052.22","1,045.45","1,057.99","1,036.34","40.96K","0.69%"
"09/14/2020","1,046.40","1,055.47","1,062.35","1,042.65","26.49K","-0.55%"
"09/15/2020","1,030.23","1,059.97","1,059.97","1,030.01","46.47K","-1.55%"
"09/16/2020","1,027.66","1,030.27","1,046.62","1,026.35","33.02K","-0.25%"
"09/17/2020","1,009.05","1,022.88","1,022.88","999.16","44.77K","-1.81%"
"09/18/2020","979.66","1,013.87","1,017.76","976.33","98.08K","-2.91%"
"09/21/2020","966.59","959.43","979.48","942.43","61.69K","-1.33%"
"09/22/2020","976.90","971.02","994.50","971.02","47.23K","1.07%"
"09/23/2020","951.13","978.99","985.20","950.02","42.49K","-2.64%"
"09/24/2020","951.00","956.00","972.19","945.85","34.17K","-0.01%"
"09/25/2020","949.18","938.23","952.39","938.23","36.03K","-0.19%"
"09/28/2020","978.37","965.97","996.95","956.01","52.50K","3.08%"
"09/29/2020","968.65","974.83","978.99","958.10","42.83K","-0.99%"
"09/30/2020","973.70","971.18","988.45","962.02","54.98K","0.52%"
"10/01/2020","965.65","981.29","987.05","954.90","41.54K","-0.83%"
"10/02/2020","976.69","946.57","985.30","944.97","31.14K","1.14%"
"10/05/2020","996.78","981.07","999.88","967.10","56.67K","2.06%"
"10/06/2020","978.95","997.94","997.94","976.12","48.01K","-1.79%"
"10/07/2020","981.95","989.38","999.11","974.74","54.88K","0.31%"
"10/08/2020","998.00","983.35","999.70","983.35","32.98K","1.63%"
"10/09/2020","985.47","1,000.00","1,004.89","985.47","37.25K","-1.26%"
"10/12/2020","1,022.02","982.31","1,028.00","982.31","47.97K","3.71%"
"10/13/2020","989.59","1,015.30","1,032.48","989.59","45.24K","-3.17%"
"10/14/2020","989.37","993.00","1,010.00","986.72","32.95K","-0.02%"
"10/15/2020","983.54","973.33","994.77","971.00","38.55K","-0.59%"
"10/16/2020","971.62","987.54","991.74","970.00","44.73K","-1.21%"
"10/19/2020","954.22","971.62","979.72","948.00","51.03K","-1.79%"
"10/20/2020","958.80","960.07","974.08","956.43","53.67K","0.48%"
"10/21/2020","994.63","956.25","1,002.15","956.14","71.49K","3.74%"
"10/22/2020","1,014.85","996.30","1,024.09","990.17","62.36K","2.03%"
"10/23/2020","1,027.00","1,024.15","1,031.86","1,011.86","49.60K","1.20%"
"10/26/2020","995.99","1,013.16","1,013.16","982.58","41.96K","-3.02%"
"10/27/2020","969.65","992.27","1,006.03","967.48","51.17K","-2.64%"
"10/28/2020","936.63","946.50","976.33","931.92","58.12K","-3.41%"
"10/29/2020","952.60","939.99","961.57","923.00","49.99K","1.71%"
"10/30/2020","932.80","948.99","963.00","913.04","69.20K","-2.08%"
"11/02/2020","960.03","947.78","966.15","938.10","65.43K","2.92%"
"11/03/2020","975.66","960.00","986.02","960.00","92.05K","1.63%"
"11/04/2020","975.77","965.58","991.00","951.15","70.18K","0.01%"
"11/05/2020","991.42","987.04","1,004.41","978.52","54.24K","1.60%"
"11/06/2020","976.92","996.34","996.34","974.14","37.24K","-1.46%"
"11/09/2020","1,027.89","1,024.00","1,052.91","1,014.56","80.45K","5.22%"
"11/10/2020","1,045.66","1,029.91","1,048.28","1,016.72","69.14K","1.73%"
"11/11/2020","1,033.88","1,054.00","1,059.11","1,025.65","43.36K","-1.13%"
"11/12/2020","1,017.93","1,027.02","1,028.00","1,003.47","45.91K","-1.54%"
"11/13/2020","1,042.06","1,029.28","1,051.01","1,020.88","44.75K","2.37%"
"11/16/2020","1,068.74","1,063.61","1,073.43","1,050.61","46.40K","2.56%"
"11/17/2020","1,054.32","1,059.00","1,064.49","1,046.40","49.82K","-1.35%"
"11/18/2020","1,035.01","1,060.81","1,060.81","1,030.25","76.38K","-1.83%"
"11/19/2020","1,008.32","1,026.08","1,026.08","995.00","76.47K","-2.58%"
"11/20/2020","997.35","1,009.44","1,013.79","989.10","62.44K","-1.09%"
"11/23/2020","998.89","1,003.55","1,005.32","990.19","53.38K","0.15%"
"11/24/2020","1,027.49","1,012.37","1,028.50","1,001.37","78.82K","2.86%"
"11/25/2020","1,007.00","1,030.00","1,030.00","1,003.84","59.46K","-1.99%"
"11/27/2020","1,004.29","1,004.00","1,011.68","991.19","32.26K","-0.27%"
"11/30/2020","973.83","1,003.45","1,006.58","971.20","199.25K","-3.03%"
"12/01/2020","994.65","997.10","998.00","976.12","49.46K","2.14%"
"12/02/2020","991.72","988.54","999.99","981.93","81.85K","-0.29%"
"12/03/2020","978.62","990.65","994.94","975.70","41.89K","-1.32%"
"12/04/2020","999.89","982.84","1,002.16","982.84","45.33K","2.17%"
"12/07/2020","982.14","993.88","998.00","980.68","51.61K","-1.78%"
"12/08/2020","1,000.03","979.19","1,008.67","978.00","68.51K","1.82%"
"12/09/2020","1,008.44","1,000.57","1,010.99","990.00","50.72K","0.84%"
"12/10/2020","1,027.81","1,006.99","1,029.80","1,000.01","70.16K","1.92%"
"12/11/2020","1,009.08","1,016.28","1,031.54","1,008.14","46.33K","-1.82%"
"12/14/2020","992.69","1,015.37","1,018.43","988.26","71.22K","-1.62%"
"12/15/2020","1,015.27","996.20","1,018.71","993.58","60.90K","2.27%"
"12/16/2020","1,010.24","1,015.82","1,024.54","1,005.79","63.31K","-0.50%"
"12/17/2020","1,011.00","1,011.00","1,022.90","1,005.80","54.21K","0.08%"
"12/18/2020","988.01","1,012.27","1,017.00","988.01","124.22K","-2.27%"
"12/21/2020","988.50","988.01","990.60","965.49","64.20K","0.05%"
"12/22/2020","980.80","987.12","992.97","977.79","40.16K","-0.78%"
"12/23/2020","989.62","985.30","1,000.00","984.46","37.09K","0.90%"
"12/24/2020","990.90","984.20","991.10","975.56","18.84K","0.13%"
"12/28/2020","991.88","992.00","1,004.68","985.11","48.17K","0.10%"
"12/29/2020","992.79","997.00","1,000.62","986.51","46.17K","0.09%"
"12/30/2020","1,019.69","994.38","1,024.35","994.00","54.23K","2.71%"
"12/31/2020","1,033.30","1,018.09","1,035.59","1,012.12","30.35K","1.33%"
"01/04/2021","1,021.01","1,031.00","1,031.00","1,013.00","49.19K","-1.19%"
"01/05/2021","1,018.06","1,015.25","1,023.82","1,000.21","48.91K","-0.29%"
"01/06/2021","1,059.50","1,018.17","1,068.00","1,018.17","82.22K","4.07%"
"01/07/2021","1,055.48","1,065.55","1,067.72","1,036.96","68.57K","-0.38%"
"01/08/2021","1,051.49","1,055.42","1,060.59","1,043.47","53.29K","-0.38%"
"01/11/2021","1,032.61","1,045.10","1,045.10","1,027.45","45.26K","-1.80%"
"01/12/2021","1,027.19","1,029.17","1,035.14","1,017.15","39.67K","-0.52%"
"01/13/2021","1,015.52","1,026.64","1,030.00","1,005.11","51.82K","-1.14%"
"01/14/2021","1,015.52","1,014.33","1,026.07","1,000.13","73.67K","0.00%"
"01/15/2021","1,005.44","1,013.44","1,015.69","1,000.47","47.73K","-0.99%"
"01/19/2021","1,002.10","1,008.86","1,010.08","1,000.00","59.87K","-0.33%"
"01/20/2021","1,031.94","1,015.97","1,036.91","1,002.00","80.78K","2.98%"
"01/21/2021","1,001.22","1,031.00","1,038.14","999.01","48.93K","-2.98%"
"01/22/2021","993.80","995.00","999.69","985.00","58.78K","-0.74%"
"01/25/2021","989.95","993.80","999.45","986.01","53.44K","-0.39%"
"01/26/2021","983.58","995.24","999.00","980.00","64.63K","-0.64%"
"01/27/2021","943.60","980.49","982.00","942.44","88.06K","-4.06%"
"01/28/2021","981.95","957.45","987.17","948.00","110.96K","4.06%"
"01/29/2021","969.48","977.63","984.74","961.66","94.57K","-1.27%"
"02/01/2021","989.98","978.05","995.19","970.26","62.92K","2.11%"
"02/02/2021","1,008.86","998.18","1,011.90","988.61","75.83K","1.91%"
"02/03/2021","1,048.79","1,030.00","1,054.96","1,020.00","111.25K","3.96%"
"02/04/2021","1,070.16","1,055.00","1,072.57","1,050.02","92.91K","2.04%"
"02/05/2021","1,099.51","1,076.67","1,100.03","1,073.00","102.92K","2.74%"
"02/08/2021","1,090.13","1,099.70","1,101.26","1,063.22","97.15K","-0.85%"
"02/09/2021","1,099.06","1,087.00","1,101.99","1,080.13","68.69K","0.82%"
"02/10/2021","1,111.01","1,100.00","1,117.04","1,097.20","66.57K","1.09%"
"02/11/2021","1,137.31","1,111.00","1,137.31","1,103.82","91.86K","2.37%"
"02/12/2021","1,106.96","1,133.96","1,143.90","1,099.09","64.51K","-2.67%"
"02/16/2021","1,082.01","1,110.77","1,113.80","1,078.00","100.51K","-2.25%"
"02/17/2021","1,093.90","1,080.00","1,096.67","1,062.11","72.45K","1.10%"
"02/18/2021","1,085.35","1,086.25","1,102.00","1,080.38","48.29K","-0.78%"
"02/19/2021","1,091.18","1,089.48","1,104.11","1,083.42","41.87K","0.54%"
"02/22/2021","1,085.09","1,086.09","1,091.18","1,078.29","49.77K","-0.56%"
"02/23/2021","1,109.04","1,092.11","1,118.32","1,080.02","83.81K","2.21%"
"02/24/2021","1,115.63","1,117.87","1,134.60","1,110.11","65.09K","0.59%"
"02/25/2021","1,088.02","1,115.63","1,123.08","1,086.27","52.58K","-2.47%"
"02/26/2021","1,088.80","1,090.03","1,099.89","1,077.41","84.39K","0.07%"
"03/01/2021","1,106.25","1,102.37","1,124.24","1,100.61","45.79K","1.60%"
"03/02/2021","1,106.61","1,105.39","1,116.90","1,096.87","32.88K","0.03%"
"03/03/2021","1,109.77","1,106.60","1,128.99","1,100.00","44.97K","0.29%"
"03/04/2021","1,100.35","1,105.42","1,116.99","1,085.00","36.17K","-0.85%"
"03/05/2021","1,106.84","1,110.48","1,118.99","1,086.60","74.02K","0.59%"
"03/08/2021","1,130.45","1,116.09","1,146.44","1,109.41","52.98K","2.13%"
"03/09/2021","1,112.24","1,132.80","1,138.07","1,107.28","53.38K","-1.61%"
"03/10/2021","1,133.28","1,115.81","1,142.86","1,110.90","35.38K","1.89%"
"03/11/2021","1,132.96","1,130.52","1,144.62","1,125.00","36.88K","-0.03%"
"03/12/2021","1,155.63","1,141.59","1,165.00","1,135.00","36.43K","2.00%"
"03/15/2021","1,143.97","1,154.88","1,155.63","1,130.00","40.83K","-1.01%"
"03/16/2021","1,141.67","1,146.29","1,148.10","1,129.13","30.96K","-0.20%"
"03/17/2021","1,148.74","1,149.14","1,149.98","1,132.72","45.37K","0.62%"
"03/18/2021","1,144.09","1,154.78","1,169.50","1,138.00","43.16K","-0.40%"
"03/19/2021","1,120.44","1,134.08","1,139.84","1,112.62","69.43K","-2.07%"
"03/22/2021","1,111.40","1,112.70","1,120.76","1,103.38","39.10K","-0.81%"
"03/23/2021","1,122.68","1,112.57","1,134.00","1,109.82","47.45K","1.01%"
"03/24/2021","1,126.62","1,129.13","1,143.51","1,122.10","33.19K","0.35%"
"03/25/2021","1,140.63","1,128.95","1,144.29","1,120.76","27.95K","1.24%"
"03/26/2021","1,151.01","1,143.24","1,153.00","1,130.61","27.49K","0.91%"
"03/29/2021","1,155.76","1,149.49","1,166.18","1,140.30","22.49K","0.41%"
"03/30/2021","1,156.17","1,162.00","1,168.16","1,155.04","24.60K","0.04%"
"03/31/2021","1,139.62","1,154.52","1,167.31","1,139.62","66.66K","-1.43%"
"04/01/2021","1,156.95","1,138.00","1,159.68","1,138.00","37.94K","1.52%"
"04/05/2021","1,173.45","1,160.00","1,175.00","1,160.00","34.57K","1.43%"
"04/06/2021","1,174.33","1,173.05","1,186.41","1,165.20","50.08K","0.07%"
"04/07/2021","1,169.37","1,173.00","1,180.30","1,162.42","38.80K","-0.42%"
"04/08/2021","1,169.34","1,166.96","1,178.21","1,161.31","29.31K","0.00%"
"04/09/2021","1,174.92","1,177.93","1,181.08","1,162.40","55.74K","0.48%"
"04/12/2021","1,183.77","1,173.96","1,190.05","1,169.46","40.31K","0.75%"
"04/13/2021","1,186.02","1,182.69","1,193.70","1,178.30","56.28K","0.19%"
"04/14/2021","1,199.99","1,190.28","1,205.00","1,190.28","37.91K","1.18%"
"04/15/2021","1,205.30","1,200.21","1,207.20","1,194.88","28.48K","0.44%"
"04/16/2021","1,214.63","1,208.71","1,218.88","1,205.51","43.57K","0.77%"
"04/19/2021","1,211.55","1,216.04","1,217.99","1,202.48","36.18K","-0.25%"
"04/20/2021","1,197.49","1,202.49","1,211.00","1,188.94","46.18K","-1.16%"
"04/21/2021","1,214.02","1,198.40","1,216.44","1,197.42","38.10K","1.38%"
"04/22/2021","1,184.26","1,209.29","1,209.29","1,181.29","41.23K","-2.45%"
"04/23/2021","1,188.84","1,186.47","1,194.44","1,180.34","33.12K","0.39%"
"04/26/2021","1,181.99","1,195.11","1,197.00","1,180.71","48.04K","-0.58%"
"04/27/2021","1,188.56","1,180.69","1,189.53","1,176.47","34.06K","0.56%"
"04/28/2021","1,178.84","1,190.00","1,190.00","1,170.36","50.80K","-0.82%"
"04/29/2021","1,173.99","1,189.99","1,199.99","1,166.85","53.55K","-0.41%"
"04/30/2021","1,176.42","1,170.00","1,187.74","1,166.01","55.27K","0.21%"
"05/03/2021","1,190.80","1,186.38","1,204.02","1,175.56","41.64K","1.22%"
"05/04/2021","1,181.89","1,188.77","1,199.37","1,178.11","40.99K","-0.75%"
"05/05/2021","1,185.02","1,182.68","1,189.32","1,157.09","45.76K","0.26%"
"05/06/2021","1,198.42","1,192.78","1,201.85","1,185.07","43.50K","1.13%"
"05/07/2021","1,220.37","1,189.34","1,222.23","1,188.61","50.32K","1.83%"
"05/10/2021","1,215.82","1,225.33","1,250.00","1,214.34","62.20K","-0.37%"
"05/11/2021","1,194.10","1,203.05","1,212.49","1,193.36","58.40K","-1.79%"
"05/12/2021","1,176.03","1,197.23","1,199.80","1,173.84","36.14K","-1.51%"
"05/13/2021","1,212.33","1,190.00","1,215.82","1,177.99","41.94K","3.09%"
"05/14/2021","1,233.32","1,219.00","1,236.30","1,215.91","42.65K","1.73%"
"05/17/2021","1,201.01","1,225.93","1,225.97","1,196.36","63.76K","-2.62%"
"05/18/2021","1,210.59","1,200.00","1,223.31","1,192.10","103.91K","0.80%"
"05/19/2021","1,219.73","1,207.96","1,221.97","1,199.00","61.25K","0.76%"
"05/20/2021","1,248.87","1,223.04","1,250.55","1,221.75","76.05K","2.39%"
"05/21/2021","1,239.91","1,250.90","1,268.96","1,230.49","72.66K","-0.72%"
"05/24/2021","1,230.00","1,237.20","1,249.77","1,226.34","48.92K","-0.80%"
"05/25/2021","1,217.79","1,230.00","1,238.78","1,213.98","53.57K","-0.99%"
"05/26/2021","1,208.77","1,215.08","1,226.22","1,207.08","69.19K","-0.74%"
"05/27/2021","1,233.91","1,217.56","1,239.40","1,208.27","252.30K","2.08%"
"05/28/2021","1,225.49","1,240.83","1,243.00","1,224.87","45.89K","-0.68%"
"06/01/2021","1,229.17","1,233.79","1,240.95","1,218.49","73.88K","0.30%"
"06/02/2021","1,227.03","1,237.52","1,237.60","1,213.75","52.78K","-0.17%"
"06/03/2021","1,226.48","1,218.30","1,230.82","1,207.60","49.91K","-0.04%"
"06/04/2021","1,228.17","1,232.54","1,238.00","1,217.21","33.32K","0.14%"
"06/07/2021","1,210.15","1,227.06","1,230.84","1,201.12","40.75K","-1.47%"
"06/08/2021","1,209.34","1,212.75","1,217.14","1,200.00","35.04K","-0.07%"
"06/09/2021","1,197.26","1,205.95","1,215.79","1,195.60","31.21K","-1.00%"
"06/10/2021","1,201.98","1,206.48","1,213.70","1,199.00","31.98K","0.39%"
"06/11/2021","1,205.79","1,207.58","1,211.27","1,202.11","25.60K","0.32%"
"06/14/2021","1,203.87","1,208.43","1,209.90","1,197.00","28.16K","-0.16%"
"06/15/2021","1,214.77","1,207.00","1,219.51","1,199.00","29.96K","0.91%"
"06/16/2021","1,199.86","1,211.80","1,218.57","1,195.89","44.91K","-1.23%"
"06/17/2021","1,186.00","1,199.78","1,202.00","1,183.62","45.19K","-1.16%"
"06/18/2021","1,155.00","1,174.31","1,182.27","1,155.00","106.74K","-2.61%"
"06/21/2021","1,184.15","1,165.59","1,192.10","1,160.01","58.67K","2.52%"
"06/22/2021","1,186.44","1,187.50","1,197.56","1,179.23","41.56K","0.19%"
"06/23/2021","1,172.94","1,180.00","1,183.05","1,172.94","32.87K","-1.14%"
"06/24/2021","1,173.98","1,175.00","1,179.82","1,170.00","35.56K","0.09%"
"06/25/2021","1,195.60","1,172.62","1,198.33","1,171.00","99.75K","1.84%"
"06/28/2021","1,182.08","1,196.98","1,196.98","1,167.85","38.35K","-1.13%"
"06/29/2021","1,196.03","1,188.42","1,204.36","1,180.13","47.37K","1.18%"
"06/30/2021","1,186.71","1,198.61","1,198.61","1,179.56","56.98K","-0.78%"
"07/01/2021","1,213.84","1,191.94","1,219.44","1,189.11","47.37K","2.29%"
"07/02/2021","1,218.84","1,213.30","1,223.56","1,207.00","37.32K","0.41%"
"07/06/2021","1,218.41","1,218.49","1,220.69","1,201.06","62.70K","-0.04%"
"07/07/2021","1,246.82","1,216.00","1,255.09","1,212.75","83.15K","2.33%"
"07/08/2021","1,210.39","1,234.00","1,237.38","1,206.39","50.53K","-2.92%"
"07/09/2021","1,238.29","1,225.00","1,238.52","1,218.56","75.89K","2.31%"
"07/12/2021","1,209.99","1,222.35","1,225.58","1,203.00","95.11K","-2.29%"
"07/13/2021","1,191.71","1,209.85","1,210.08","1,186.80","50.52K","-1.51%"
"07/14/2021","1,190.52","1,195.52","1,196.00","1,187.66","30.88K","-0.10%"
"07/15/2021","1,202.88","1,181.00","1,202.88","1,181.00","59.64K","1.04%"
"07/16/2021","1,216.01","1,210.00","1,221.57","1,203.00","41.64K","1.09%"
"07/19/2021","1,184.00","1,200.00","1,209.13","1,176.52","65.82K","-2.63%"
"07/20/2021","1,213.55","1,192.91","1,231.20","1,187.32","63.62K","2.50%"
"07/21/2021","1,231.25","1,221.17","1,242.10","1,220.03","38.87K","1.46%"
"07/22/2021","1,216.48","1,235.07","1,244.43","1,215.87","33.14K","-1.20%"
"07/23/2021","1,229.33","1,226.28","1,243.91","1,222.94","35.16K","1.06%"
"07/26/2021","1,213.58","1,226.01","1,230.99","1,212.63","44.01K","-1.28%"
"07/27/2021","1,216.05","1,209.97","1,227.79","1,200.00","32.28K","0.20%"
"07/28/2021","1,197.81","1,230.00","1,230.00","1,194.25","37.14K","-1.50%"
"07/29/2021","1,208.52","1,213.62","1,216.94","1,197.81","24.65K","0.89%"
"07/30/2021","1,206.17","1,202.47","1,217.30","1,201.62","26.89K","-0.19%"
"08/02/2021","1,206.27","1,220.00","1,229.00","1,203.45","24.43K","0.01%"
"08/03/2021","1,206.50","1,210.00","1,210.00","1,193.00","28.70K","0.02%"
"08/04/2021","1,210.14","1,226.00","1,249.94","1,210.14","64.08K","0.30%"
"08/05/2021","1,242.08","1,214.06","1,243.62","1,210.00","39.91K","2.64%"
"08/06/2021","1,257.20","1,247.62","1,265.71","1,247.62","42.15K","1.22%"
"08/09/2021","1,255.99","1,255.80","1,260.22","1,244.63","35.78K","-0.10%"
"08/10/2021","1,258.80","1,253.57","1,277.75","1,248.26","51.28K","0.22%"
"08/11/2021","1,282.99","1,266.66","1,287.83","1,266.00","31.14K","1.92%"
"08/12/2021","1,280.21","1,288.00","1,288.00","1,271.68","20.65K","-0.22%"
"08/13/2021","1,275.69","1,280.53","1,284.49","1,270.80","25.93K","-0.35%"
"08/16/2021","1,273.93","1,268.00","1,282.55","1,260.84","23.14K","-0.14%"
"08/17/2021","1,264.46","1,270.37","1,282.52","1,260.12","28.82K","-0.74%"
"08/18/2021","1,258.32","1,259.16","1,278.63","1,258.00","21.60K","-0.49%"
"08/19/2021","1,255.35","1,246.24","1,267.94","1,245.00","26.38K","-0.24%"
"08/20/2021","1,268.88","1,253.03","1,274.00","1,250.01","23.42K","1.08%"
"08/23/2021","1,258.83","1,270.65","1,277.98","1,258.83","23.73K","-0.79%"
"08/24/2021","1,262.26","1,259.99","1,272.12","1,257.30","20.51K","0.27%"
"08/25/2021","1,272.32","1,262.62","1,280.00","1,260.28","22.81K","0.80%"
"08/26/2021","1,264.38","1,274.42","1,279.32","1,260.00","16.50K","-0.62%"
"08/27/2021","1,272.80","1,261.89","1,276.25","1,261.70","19.46K","0.67%"
"08/30/2021","1,262.45","1,271.06","1,272.80","1,250.53","28.26K","-0.81%"
"08/31/2021","1,270.25","1,260.30","1,275.77","1,260.30","28.89K","0.62%"
"09/01/2021","1,269.12","1,275.00","1,279.50","1,260.50","28.71K","-0.09%"
"09/02/2021","1,265.50","1,271.91","1,274.14","1,260.12","17.26K","-0.29%"
"09/03/2021","1,255.66","1,266.83","1,266.83","1,253.82","17.74K","-0.78%"
"09/07/2021","1,238.47","1,252.00","1,252.00","1,234.58","33.88K","-1.37%"
"09/08/2021","1,262.51","1,237.49","1,262.86","1,236.58","41.64K","1.94%"
"09/09/2021","1,248.92","1,254.00","1,266.39","1,246.34","30.45K","-1.08%"
"09/10/2021","1,233.92","1,253.00","1,255.32","1,232.96","24.88K","-1.20%"
"09/13/2021","1,247.22","1,246.32","1,252.63","1,232.90","31.69K","1.08%"
"09/14/2021","1,227.96","1,248.65","1,254.30","1,225.07","30.48K","-1.54%"
"09/15/2021","1,220.01","1,223.00","1,231.30","1,206.27","36.01K","-0.65%"
"09/16/2021","1,218.81","1,224.98","1,230.00","1,214.81","29.58K","-0.10%"
"09/17/2021","1,209.53","1,220.68","1,229.60","1,203.02","96.32K","-0.76%"
"09/20/2021","1,198.59","1,199.32","1,201.00","1,180.01","41.72K","-0.90%"
"09/21/2021","1,201.13","1,207.28","1,214.07","1,199.25","28.74K","0.21%"
"09/22/2021","1,217.95","1,208.49","1,223.95","1,205.49","31.48K","1.40%"
"09/23/2021","1,212.85","1,221.82","1,234.54","1,210.35","33.66K","-0.42%"
"09/24/2021","1,227.00","1,210.00","1,231.95","1,210.00","25.53K","1.17%"
"09/27/2021","1,220.00","1,232.00","1,245.63","1,218.10","39.97K","-0.57%"
"09/28/2021","1,194.50","1,217.74","1,224.82","1,194.00","34.17K","-2.09%"
"09/29/2021","1,207.84","1,201.10","1,213.73","1,195.00","46.34K","1.12%"
"09/30/2021","1,195.13","1,212.40","1,224.88","1,194.86","38.43K","-1.05%"
"10/01/2021","1,201.89","1,201.88","1,208.97","1,179.00","64.95K","0.57%"
"10/04/2021","1,199.87","1,198.88","1,230.80","1,195.99","37.63K","-0.17%"
"10/05/2021","1,227.23","1,202.58","1,233.80","1,191.48","50.58K","2.28%"
"10/06/2021","1,244.44","1,218.87","1,244.44","1,215.89","37.41K","1.40%"
"10/07/2021","1,255.05","1,255.00","1,266.00","1,250.02","41.21K","0.85%"
"10/08/2021","1,265.76","1,259.60","1,274.40","1,256.95","31.44K","0.85%"
"10/11/2021","1,239.70","1,265.76","1,274.32","1,239.01","46.07K","-2.06%"
"10/12/2021","1,258.63","1,248.75","1,272.40","1,239.90","46.15K","1.53%"
"10/13/2021","1,270.15","1,264.18","1,274.99","1,243.51","45.29K","0.92%"
"10/14/2021","1,296.64","1,276.00","1,299.97","1,275.02","64.27K","2.09%"
"10/15/2021","1,319.45","1,300.00","1,319.45","1,296.10","251.15K","1.76%"
"10/18/2021","1,296.90","1,310.64","1,315.98","1,289.61","53.55K","-1.71%"
"10/19/2021","1,310.56","1,305.92","1,312.40","1,292.65","36.43K","1.05%"
"10/20/2021","1,323.71","1,313.45","1,329.98","1,312.97","44.54K","1.00%"
"10/21/2021","1,317.57","1,320.28","1,323.71","1,309.05","49.76K","-0.46%"
"10/22/2021","1,321.14","1,317.34","1,324.94","1,310.02","44.41K","0.27%"
"10/25/2021","1,330.53","1,324.99","1,333.99","1,309.88","31.19K","0.71%"
"10/26/2021","1,325.59","1,333.10","1,339.59","1,325.00","27.74K","-0.37%"
"10/27/2021","1,302.00","1,321.31","1,343.56","1,302.00","35.28K","-1.78%"
"10/28/2021","1,325.05","1,305.00","1,327.48","1,303.97","24.39K","1.77%"
"10/29/2021","1,313.13","1,321.95","1,330.68","1,311.16","31.55K","-0.90%"
"11/01/2021","1,316.09","1,316.26","1,323.69","1,305.50","24.60K","0.23%"
"11/02/2021","1,329.57","1,316.81","1,335.45","1,306.73","25.80K","1.02%"
"11/03/2021","1,310.83","1,318.02","1,338.90","1,301.33","62.07K","-1.41%"
"11/04/2021","1,300.76","1,318.62","1,322.92","1,295.01","25.24K","-0.77%"
"11/05/2021","1,312.71","1,313.33","1,323.47","1,301.08","30.30K","0.92%"
"11/08/2021","1,311.00","1,318.52","1,327.93","1,311.00","18.88K","-0.13%"
"11/09/2021","1,304.39","1,311.00","1,312.00","1,296.90","15.35K","-0.50%"
"11/10/2021","1,301.54","1,300.14","1,313.60","1,295.60","21.40K","-0.22%"
"11/11/2021","1,298.37","1,305.24","1,312.67","1,294.06","18.81K","-0.24%"
"11/12/2021","1,289.73","1,299.97","1,303.59","1,283.40","28.19K","-0.67%"
"11/15/2021","1,277.80","1,298.87","1,298.87","1,271.34","43.55K","-0.92%"
"11/16/2021","1,276.04","1,280.00","1,290.09","1,275.02","27.87K","-0.14%"
"11/17/2021","1,264.36","1,277.00","1,287.89","1,258.15","57.68K","-0.92%"
"11/18/2021","1,253.07","1,263.03","1,272.99","1,247.45","49.54K","-0.89%"
"11/19/2021","1,241.50","1,244.33","1,251.27","1,230.01","51.63K","-0.92%"
"11/22/2021","1,261.87","1,244.66","1,274.94","1,240.39","42.74K","1.64%"
"11/23/2021","1,287.59","1,264.68","1,288.94","1,261.04","46.15K","2.04%"
"11/24/2021","1,278.90","1,286.57","1,290.00","1,272.23","29.29K","-0.67%"
"11/26/2021","1,245.34","1,244.05","1,259.97","1,234.60","30.69K","-2.62%"
"11/29/2021","1,243.74","1,255.73","1,255.73","1,237.51","42.76K","-0.13%"
"11/30/2021","1,194.82","1,233.99","1,235.51","1,191.08","74.86K","-3.93%"
"12/01/2021","1,188.06","1,211.00","1,234.76","1,187.30","60.26K","-0.57%"
"12/02/2021","1,222.64","1,197.31","1,234.65","1,190.05","46.14K","2.91%"
"12/03/2021","1,208.88","1,225.27","1,239.00","1,198.54","60.14K","-1.13%"
"12/06/2021","1,243.02","1,224.14","1,254.32","1,223.10","42.90K","2.82%"
"12/07/2021","1,249.50","1,251.94","1,264.14","1,242.06","30.81K","0.52%"
"12/08/2021","1,244.23","1,253.06","1,259.80","1,240.00","26.02K","-0.42%"
"12/09/2021","1,227.67","1,237.18","1,242.11","1,226.82","28.56K","-1.33%"
"12/10/2021","1,241.78","1,234.32","1,245.01","1,221.59","39.15K","1.15%"
"12/13/2021","1,229.82","1,236.55","1,248.79","1,217.10","36.86K","-0.96%"
"12/14/2021","1,236.34","1,227.88","1,252.92","1,215.32","42.13K","0.53%"
"12/15/2021","1,226.72","1,233.85","1,245.18","1,220.00","53.59K","-0.78%"
"12/16/2021","1,230.36","1,231.69","1,250.00","1,227.01","57.14K","0.30%"
"12/17/2021","1,220.25","1,232.65","1,240.48","1,216.20","74.31K","-0.82%"
"12/20/2021","1,192.25","1,208.18","1,210.00","1,180.08","69.60K","-2.29%"
"12/21/2021","1,188.00","1,189.62","1,214.92","1,182.48","88.64K","-0.36%"
"12/22/2021","1,204.57","1,185.98","1,206.94","1,185.98","36.35K","1.39%"
"12/23/2021","1,208.69","1,206.38","1,216.00","1,202.59","29.14K","0.34%"
"12/27/2021","1,218.22","1,204.43","1,221.66","1,197.67","29.76K","0.79%"
"12/28/2021","1,228.76","1,211.40","1,236.04","1,211.40","25.60K","0.87%"
"12/29/2021","1,239.64","1,230.00","1,242.70","1,229.98","24.85K","0.89%"
"12/30/2021","1,230.46","1,236.00","1,246.19","1,230.09","24.17K","-0.74%"
"12/31/2021","1,234.00","1,226.31","1,241.92","1,226.31","20.67K","0.29%"
"01/03/2022","1,223.49","1,235.24","1,238.85","1,217.07","30.78K","-0.85%"
"01/04/2022","1,236.93","1,230.40","1,257.86","1,230.00","52.58K","1.10%"
"01/05/2022","1,233.07","1,237.47","1,252.46","1,233.02","40.15K","-0.31%"
"01/06/2022","1,240.67","1,239.57","1,249.99","1,232.83","29.22K","0.62%"
"01/07/2022","1,254.75","1,241.23","1,259.56","1,235.80","32.89K","1.13%"
"01/10/2022","1,256.03","1,258.13","1,259.00","1,242.64","34.14K","0.10%"
"01/11/2022","1,255.00","1,260.00","1,260.00","1,242.60","38.28K","-0.08%"
"01/12/2022","1,263.38","1,255.00","1,265.07","1,248.72","52.51K","0.67%"
"01/13/2022","1,269.68","1,269.78","1,285.03","1,267.00","38.50K","0.50%"
"01/14/2022","1,276.61","1,259.99","1,283.09","1,255.22","38.47K","0.55%"
"01/18/2022","1,259.73","1,274.33","1,279.96","1,255.67","37.78K","-1.32%"
"01/19/2022","1,237.74","1,270.54","1,270.54","1,235.98","28.66K","-1.75%"
"01/20/2022","1,234.95","1,244.10","1,267.80","1,232.34","40.01K","-0.23%"
"01/21/2022","1,218.22","1,227.43","1,244.68","1,210.30","73.59K","-1.35%"
"01/24/2022","1,229.41","1,200.00","1,233.80","1,181.20","68.60K","0.92%"
"01/25/2022","1,187.82","1,217.05","1,219.08","1,183.01","91.53K","-3.38%"
"01/26/2022","1,190.22","1,200.96","1,216.92","1,181.00","52.11K","0.20%"
"01/27/2022","1,186.53","1,199.85","1,224.55","1,180.00","42.80K","-0.31%"
"01/28/2022","1,212.50","1,190.13","1,215.00","1,181.49","44.29K","2.19%"
"01/31/2022","1,232.74","1,205.08","1,235.00","1,200.01","53.78K","1.67%"
"02/01/2022","1,263.05","1,230.46","1,264.97","1,214.43","69.39K","2.46%"
"02/02/2022","1,291.38","1,265.00","1,296.90","1,251.00","67.16K","2.24%"
"02/03/2022","1,260.18","1,284.37","1,291.54","1,251.02","66.19K","-2.42%"
"02/04/2022","1,260.61","1,268.59","1,284.70","1,251.60","55.39K","0.03%"
"02/07/2022","1,263.59","1,264.96","1,275.83","1,252.02","42.05K","0.24%"
"02/08/2022","1,273.37","1,267.08","1,278.33","1,261.58","32.07K","0.77%"
"02/09/2022","1,260.97","1,277.37","1,285.00","1,256.51","41.70K","-0.97%"
"02/10/2022","1,253.36","1,260.67","1,270.00","1,248.00","33.11K","-0.60%"
"02/11/2022","1,242.00","1,253.83","1,265.22","1,233.14","34.96K","-0.91%"
"02/14/2022","1,235.50","1,239.86","1,245.95","1,224.97","45.27K","-0.52%"
"02/15/2022","1,260.89","1,249.40","1,265.94","1,244.00","51.93K","2.06%"
"02/16/2022","1,275.06","1,254.19","1,277.76","1,254.19","37.75K","1.12%"
"02/17/2022","1,250.39","1,268.62","1,268.62","1,241.02","29.58K","-1.93%"
"02/18/2022","1,253.00","1,251.17","1,263.78","1,246.85","28.80K","0.21%"
"02/22/2022","1,240.14","1,259.48","1,260.38","1,233.01","33.47K","-1.03%"
"02/23/2022","1,221.73","1,245.46","1,255.35","1,217.93","38.21K","-1.48%"
"02/24/2022","1,212.63","1,194.91","1,214.53","1,185.00","61.83K","-0.74%"
"02/25/2022","1,255.49","1,222.07","1,259.70","1,222.01","44.16K","3.53%"
"02/28/2022","1,242.91","1,233.16","1,246.27","1,220.02","63.94K","-1.00%"
"03/01/2022","1,226.64","1,229.52","1,239.74","1,214.23","66.55K","-1.31%"
"03/02/2022","1,258.21","1,228.96","1,259.83","1,224.13","61.73K","2.57%"
"03/03/2022","1,260.21","1,262.03","1,266.08","1,247.06","34.82K","0.16%"
"03/04/2022","1,259.24","1,253.10","1,261.14","1,239.67","58.54K","-0.08%"
"03/07/2022","1,218.98","1,247.28","1,254.62","1,216.57","64.53K","-3.20%"
"03/08/2022","1,218.31","1,218.02","1,247.63","1,200.34","83.56K","-0.05%"
"03/09/2022","1,265.22","1,256.44","1,273.65","1,242.85","82.69K","3.85%"
"03/10/2022","1,281.88","1,257.02","1,287.52","1,245.51","102.49K","1.32%"
"03/11/2022","1,301.66","1,287.80","1,313.51","1,281.01","86.74K","1.54%"
"03/14/2022","1,355.51","1,319.99","1,363.44","1,304.50","135.71K","4.14%"
"03/15/2022","1,372.79","1,367.99","1,389.19","1,355.10","112.31K","1.27%"
"03/16/2022","1,383.72","1,385.50","1,387.18","1,355.68","91.36K","0.80%"
"03/17/2022","1,412.55","1,375.21","1,417.05","1,366.20","102.87K","2.08%"
"03/18/2022","1,429.00","1,423.33","1,430.16","1,395.00","108.43K","1.16%"
"03/21/2022","1,444.66","1,450.00","1,467.29","1,419.16","117.64K","1.10%"
"03/22/2022","1,463.97","1,446.96","1,469.33","1,437.10","90.23K","1.34%"
"03/23/2022","1,469.50","1,453.47","1,478.49","1,452.01","68.36K","0.38%"
"03/24/2022","1,504.21","1,475.00","1,504.24","1,473.11","117.07K","2.36%"
"03/25/2022","1,502.58","1,501.75","1,513.00","1,492.48","83.19K","-0.11%"
"03/28/2022","1,487.29","1,500.00","1,500.00","1,465.51","71.67K","-1.02%"
"03/29/2022","1,491.98","1,502.89","1,502.89","1,476.30","89.21K","0.32%"
"03/30/2022","1,492.89","1,492.14","1,496.89","1,482.24","49.66K","0.06%"
"03/31/2022","1,475.24","1,490.00","1,498.03","1,472.92","83.85K","-1.18%"
"04/01/2022","1,493.22","1,492.00","1,498.48","1,477.42","70.70K","1.22%"
"04/04/2022","1,476.21","1,490.87","1,490.87","1,473.18","74.42K","-1.14%"
"04/05/2022","1,473.69","1,466.26","1,486.89","1,465.01","76.67K","-0.17%"
"04/06/2022","1,495.53","1,474.98","1,503.70","1,474.98","41.59K","1.48%"
"04/07/2022","1,485.83","1,490.76","1,510.00","1,485.83","61.80K","-0.65%"
"04/08/2022","1,482.48","1,487.20","1,499.00","1,480.94","63.26K","-0.23%"
"04/11/2022","1,477.20","1,484.69","1,499.59","1,475.57","53.36K","-0.36%"
"04/12/2022","1,480.59","1,477.45","1,492.64","1,474.26","42.47K","0.23%"
"04/13/2022","1,479.23","1,475.50","1,488.60","1,471.94","35.11K","-0.09%"
"04/14/2022","1,475.00","1,480.97","1,487.10","1,472.04","82.24K","-0.29%"
"04/18/2022","1,478.87","1,474.00","1,489.02","1,472.00","34.23K","0.26%"
"04/19/2022","1,471.74","1,486.36","1,489.95","1,468.00","41.61K","-0.48%"
"04/20/2022","1,497.39","1,482.65","1,498.81","1,476.77","32.07K","1.74%"
"04/21/2022","1,483.21","1,502.51","1,519.24","1,482.12","50.63K","-0.95%"
"04/22/2022","1,464.64","1,481.93","1,483.98","1,463.52","38.18K","-1.25%"
"04/25/2022","1,451.37","1,456.00","1,456.00","1,419.07","56.45K","-0.91%"
"04/26/2022","1,424.72","1,440.06","1,454.91","1,424.72","41.12K","-1.84%"
"04/27/2022","1,400.02","1,427.59","1,440.97","1,389.77","72.44K","-1.73%"
"04/28/2022","1,397.83","1,405.77","1,409.99","1,377.56","56.43K","-0.16%"
"04/29/2022","1,353.28","1,394.36","1,397.90","1,351.40","50.82K","-3.19%"
"05/02/2022","1,348.73","1,350.00","1,363.66","1,326.11","50.14K","-0.34%"
"05/03/2022","1,343.43","1,351.09","1,359.94","1,340.68","53.23K","-0.39%"
"05/04/2022","1,368.79","1,343.60","1,369.78","1,335.77","49.69K","1.89%"
"05/05/2022","1,336.53","1,351.18","1,368.00","1,324.57","49.10K","-2.36%"
"05/06/2022","1,329.02","1,324.10","1,332.16","1,308.80","67.15K","-0.56%"
"05/09/2022","1,287.07","1,315.20","1,323.09","1,282.53","54.67K","-3.16%"
"05/10/2022","1,287.39","1,302.94","1,318.82","1,275.03","55.58K","0.02%"
"05/11/2022","1,283.18","1,289.77","1,314.02","1,281.20","41.95K","-0.33%"
"05/12/2022","1,291.06","1,275.93","1,297.43","1,275.13","74.53K","0.61%"
"05/13/2022","1,325.45","1,302.94","1,331.39","1,302.10","49.18K","2.66%"
"05/16/2022","1,325.11","1,326.50","1,339.19","1,320.32","36.19K","-0.03%"
"05/17/2022","1,364.07","1,372.14","1,379.99","1,346.02","66.38K","2.94%"
"05/18/2022","1,348.89","1,356.59","1,371.77","1,345.37","61.00K","-1.11%"
"05/19/2022","1,354.87","1,335.23","1,364.63","1,322.41","53.94K","0.44%"
"05/20/2022","1,333.08","1,361.07","1,370.00","1,307.26","82.37K","-1.61%"
"05/23/2022","1,351.34","1,338.57","1,360.02","1,325.20","40.76K","1.37%"
"05/24/2022","1,341.66","1,348.48","1,350.13","1,321.16","26.71K","-0.72%"
"05/25/2022","1,340.00","1,340.00","1,349.02","1,333.54","41.20K","-0.12%"
"05/26/2022","1,377.07","1,344.00","1,388.37","1,344.00","38.83K","2.77%"
"05/27/2022","1,403.91","1,389.08","1,405.11","1,383.20","31.38K","1.95%"
"05/31/2022","1,369.43","1,393.28","1,393.28","1,361.20","83.06K","-2.46%"
"06/01/2022","1,367.74","1,380.22","1,386.50","1,345.66","42.85K","-0.12%"
"06/02/2022","1,388.44","1,374.97","1,392.02","1,354.79","32.90K","1.51%"
"06/03/2022","1,380.16","1,376.01","1,391.38","1,369.13","28.72K","-0.60%"
"06/06/2022","1,392.25","1,390.33","1,403.30","1,384.74","27.15K","0.88%"
"06/07/2022","1,408.67","1,384.65","1,411.77","1,375.01","47.59K","1.18%"
"06/08/2022","1,380.36","1,399.00","1,407.74","1,370.00","38.97K","-2.01%"
"06/09/2022","1,346.63","1,376.01","1,383.10","1,344.61","21.78K","-2.44%"
"06/10/2022","1,330.89","1,333.49","1,345.78","1,315.25","23.17K","-1.17%"
"06/13/2022","1,291.34","1,302.00","1,309.35","1,286.40","39.19K","-2.97%"
"06/14/2022","1,296.65","1,293.51","1,315.53","1,287.32","35.24K","0.41%"
"06/15/2022","1,299.25","1,309.48","1,328.36","1,288.04","37.17K","0.20%"
"06/16/2022","1,261.21","1,279.56","1,287.70","1,254.50","42.09K","-2.93%"
"06/17/2022","1,282.20","1,252.05","1,292.66","1,251.77","86.82K","1.66%"
"06/21/2022","1,284.83","1,293.59","1,300.00","1,281.76","41.56K","0.21%"
"06/22/2022","1,270.02","1,272.50","1,281.00","1,262.42","35.83K","-1.15%"
"06/23/2022","1,270.59","1,270.72","1,290.03","1,258.50","27.63K","0.04%"
"06/24/2022","1,292.86","1,279.91","1,296.46","1,267.30","131.97K","1.75%"
"06/27/2022","1,303.87","1,285.22","1,313.31","1,278.57","42.61K","0.85%"
"06/28/2022","1,297.84","1,312.04","1,332.30","1,295.63","34.56K","-0.46%"
"06/29/2022","1,285.93","1,297.84","1,307.49","1,277.08","43.13K","-0.92%"
"06/30/2022","1,293.25","1,275.07","1,301.22","1,265.63","49.32K","0.57%"
"07/01/2022","1,321.87","1,289.00","1,327.34","1,280.32","34.89K","2.21%"
"07/05/2022","1,295.77","1,302.59","1,317.47","1,271.67","43.28K","-1.97%"
"07/06/2022","1,300.11","1,296.85","1,311.54","1,272.17","38.78K","0.33%"
"07/07/2022","1,301.93","1,309.80","1,318.90","1,300.50","41.17K","0.14%"
"07/08/2022","1,296.51","1,308.01","1,316.00","1,291.65","34.93K","-0.42%"
"07/11/2022","1,305.00","1,295.00","1,310.05","1,289.71","50.75K","0.65%"
"07/12/2022","1,305.96","1,302.36","1,335.10","1,300.52","61.34K","0.07%"
"07/13/2022","1,300.01","1,300.00","1,312.21","1,282.57","50.14K","-0.46%"
"07/14/2022","1,243.46","1,277.60","1,281.05","1,240.23","54.40K","-4.35%"
"07/15/2022","1,272.57","1,254.15","1,284.95","1,245.64","362.95K","2.34%"
"07/18/2022","1,253.78","1,273.72","1,283.11","1,252.46","40.25K","-1.48%"
"07/19/2022","1,276.01","1,265.61","1,278.76","1,259.91","49.07K","1.77%"
"07/20/2022","1,271.97","1,274.02","1,289.90","1,265.73","35.96K","-0.32%"
"07/21/2022","1,274.21","1,273.72","1,276.13","1,258.25","32.99K","0.18%"
"07/22/2022","1,262.68","1,273.96","1,282.25","1,257.04","34.13K","-0.90%"
"07/25/2022","1,280.28","1,272.46","1,290.31","1,266.85","30.84K","1.39%"
"07/26/2022","1,283.06","1,282.26","1,296.82","1,280.23","31.35K","0.22%"
"07/27/2022","1,297.40","1,288.55","1,297.42","1,277.36","38.08K","1.12%"
"07/28/2022","1,274.23","1,298.25","1,299.97","1,262.08","54.55K","-1.79%"
"07/29/2022","1,297.14","1,285.18","1,306.40","1,281.01","89.43K","1.80%"
"08/01/2022","1,277.04","1,299.48","1,305.23","1,266.00","57.67K","-1.55%"
"08/02/2022","1,253.80","1,281.99","1,286.00","1,253.80","39.19K","-1.82%"
"08/03/2022","1,215.08","1,240.00","1,240.00","1,171.01","137.34K","-3.09%"
"08/04/2022","1,181.86","1,220.94","1,221.98","1,179.00","87.81K","-2.73%"
"08/05/2022","1,167.94","1,181.00","1,197.69","1,165.18","65.54K","-1.18%"
"08/08/2022","1,186.76","1,190.12","1,197.49","1,162.00","69.65K","1.61%"
"08/09/2022","1,177.58","1,183.00","1,195.67","1,164.78","68.06K","-0.77%"
"08/10/2022","1,199.66","1,194.00","1,205.96","1,190.00","55.29K","1.88%"
"08/11/2022","1,217.84","1,206.00","1,222.03","1,205.44","51.38K","1.52%"
"08/12/2022","1,227.66","1,221.94","1,231.75","1,209.98","41.87K","0.81%"
"08/15/2022","1,230.47","1,222.52","1,234.99","1,208.00","38.44K","0.23%"
"08/16/2022","1,263.62","1,231.00","1,267.53","1,231.00","60.11K","2.69%"
"08/17/2022","1,263.04","1,256.86","1,269.95","1,253.94","30.21K","-0.05%"
"08/18/2022","1,271.89","1,268.39","1,275.00","1,259.01","33.80K","0.70%"
"08/19/2022","1,249.25","1,261.23","1,264.50","1,245.01","30.56K","-1.78%"
"08/22/2022","1,213.54","1,237.69","1,241.67","1,211.26","28.11K","-2.86%"
"08/23/2022","1,214.01","1,212.70","1,220.22","1,206.92","34.09K","0.04%"
"08/24/2022","1,218.04","1,219.35","1,226.40","1,211.90","32.89K","0.33%"
"08/25/2022","1,232.31","1,227.80","1,234.88","1,223.48","25.70K","1.17%"
"08/26/2022","1,219.68","1,230.97","1,237.70","1,206.98","33.43K","-1.02%"
"08/29/2022","1,214.32","1,212.55","1,226.68","1,200.00","35.19K","-0.44%"
"08/30/2022","1,192.24","1,223.89","1,224.86","1,192.24","40.61K","-1.82%"
"08/31/2022","1,194.11","1,190.10","1,207.68","1,190.10","45.26K","0.16%"
"09/01/2022","1,198.15","1,195.89","1,202.01","1,179.33","42.50K","0.34%"
"09/02/2022","1,181.38","1,208.99","1,218.08","1,177.29","31.47K","-1.40%"
"09/06/2022","1,186.66","1,188.68","1,194.81","1,180.70","34.44K","0.45%"
"09/07/2022","1,193.89","1,186.57","1,201.94","1,186.01","51.34K","0.61%"
"09/08/2022","1,206.63","1,187.60","1,210.41","1,185.07","36.35K","1.07%"
"09/09/2022","1,200.16","1,208.69","1,216.99","1,196.60","40.08K","-0.54%"
"09/12/2022","1,199.83","1,200.43","1,213.60","1,193.27","38.84K","-0.03%"
"09/13/2022","1,186.62","1,180.68","1,194.26","1,179.40","43.73K","-1.10%"
"09/14/2022","1,190.34","1,196.10","1,206.00","1,181.88","58.89K","0.31%"
"09/15/2022","1,191.42","1,184.36","1,210.54","1,182.24","63.18K","0.09%"
"09/16/2022","1,182.97","1,177.60","1,188.19","1,169.00","108.50K","-0.71%"
"09/19/2022","1,199.61","1,175.77","1,203.17","1,175.77","46.67K","1.41%"
"09/20/2022","1,176.20","1,192.01","1,195.00","1,169.74","65.48K","-1.95%"
"09/21/2022","1,138.64","1,178.30","1,186.30","1,138.64","52.81K","-3.19%"
"09/22/2022","1,118.62","1,136.00","1,142.74","1,113.84","28.72K","-1.76%"
"09/23/2022","1,101.57","1,105.17","1,109.53","1,085.04","51.74K","-1.52%"
"09/26/2022","1,069.89","1,092.11","1,100.86","1,064.09","36.09K","-2.88%"
"09/27/2022","1,081.58","1,073.20","1,083.59","1,067.60","49.56K","1.09%"
"09/28/2022","1,102.10","1,088.92","1,112.69","1,081.50","45.82K","1.90%"
"09/29/2022","1,101.49","1,098.70","1,107.48","1,075.11","71.83K","-0.06%"
"09/30/2022","1,084.22","1,099.63","1,111.31","1,084.08","65.06K","-1.57%"
"10/03/2022","1,129.18","1,094.89","1,137.30","1,085.09","39.76K","4.15%"
"10/04/2022","1,171.06","1,139.85","1,177.95","1,136.54","56.75K","3.71%"
"10/05/2022","1,148.80","1,151.91","1,165.54","1,144.89","33.86K","-1.90%"
"10/06/2022","1,144.01","1,153.61","1,155.83","1,135.01","41.74K","-0.42%"
"10/07/2022","1,151.88","1,133.52","1,176.70","1,118.54","118.38K","0.69%"
"10/10/2022","1,159.38","1,157.32","1,173.89","1,153.78","64.87K","0.65%"
"10/11/2022","1,146.41","1,156.72","1,166.18","1,133.55","50.24K","-1.12%"
"10/12/2022","1,126.47","1,141.09","1,146.39","1,126.47","49.74K","-1.74%"
"10/13/2022","1,153.00","1,112.04","1,161.10","1,102.22","63.83K","2.36%"
"10/14/2022","1,133.60","1,154.99","1,173.23","1,131.11","37.87K","-1.68%"
"10/17/2022","1,147.46","1,144.32","1,158.08","1,142.25","50.84K","1.22%"
"10/18/2022","1,168.15","1,169.84","1,171.98","1,158.00","43.16K","1.80%"
"10/19/2022","1,161.78","1,163.52","1,178.45","1,149.98","26.90K","-0.55%"
"10/20/2022","1,120.45","1,157.21","1,166.77","1,111.30","38.16K","-3.56%"
"10/21/2022","1,133.32","1,121.06","1,140.40","1,109.00","39.87K","1.15%"
"10/24/2022","1,147.69","1,143.49","1,163.20","1,134.01","38.17K","1.27%"
"10/25/2022","1,153.46","1,139.36","1,159.11","1,130.17","33.49K","0.50%"
"10/26/2022","1,157.95","1,161.04","1,169.95","1,147.51","32.22K","0.39%"
"10/27/2022","1,165.65","1,160.12","1,182.77","1,160.12","49.78K","0.66%"
"10/28/2022","1,201.58","1,172.08","1,206.20","1,165.99","35.64K","3.08%"
"10/31/2022","1,206.10","1,198.17","1,218.06","1,182.13","45.67K","0.38%"
"11/01/2022","1,207.07","1,208.48","1,222.00","1,197.78","35.54K","0.08%"
"11/02/2022","1,207.25","1,204.21","1,233.73","1,201.34","59.84K","0.01%"
"11/03/2022","1,220.74","1,204.81","1,234.69","1,190.51","59.75K","1.12%"
"11/04/2022","1,211.01","1,230.91","1,231.69","1,198.95","37.72K","-0.80%"
"11/07/2022","1,234.72","1,221.30","1,240.44","1,206.10","34.87K","1.96%"
"11/08/2022","1,218.90","1,231.50","1,236.37","1,207.09","27.39K","-1.28%"
"11/09/2022","1,215.26","1,213.98","1,225.31","1,203.73","33.99K","-0.30%"
"11/10/2022","1,284.93","1,246.61","1,286.58","1,235.00","53.23K","5.73%"
"11/11/2022","1,287.13","1,299.41","1,300.00","1,268.37","44.55K","0.17%"
"11/14/2022","1,271.18","1,284.47","1,291.77","1,263.00","48.82K","-1.24%"
"11/15/2022","1,258.03","1,280.00","1,280.00","1,250.00","37.75K","-1.03%"
"11/16/2022","1,265.63","1,256.00","1,277.22","1,251.96","26.09K","0.60%"
"11/17/2022","1,256.07","1,254.94","1,262.79","1,245.42","36.58K","-0.76%"
"11/18/2022","1,259.29","1,259.55","1,275.78","1,254.79","23.11K","0.26%"
"11/21/2022","1,266.60","1,263.29","1,284.34","1,259.79","18.08K","0.58%"
"11/22/2022","1,274.08","1,270.00","1,283.09","1,267.88","25.69K","0.59%"
"11/23/2022","1,281.61","1,279.37","1,288.17","1,272.89","20.32K","0.59%"
"11/25/2022","1,304.92","1,289.16","1,311.13","1,284.11","18.40K","1.82%"